http://i.imgur.com/FApqk3D.jpg,#111,#7E923,#FEFEFE
http://i.imgur.com/TKLs9lo.jpg,#F0F0EF,#F9F9F9,#FEFEFE
https://i.redd.it/d8021b5i2moy.jpg,#424B56,#62788D,#99B4CA
https://i.redd.it/4m5yk8gjrtzy.jpg,#216,#A1030,#891A
https://i.redd.it/xae65ypfqycy.jpg,#2E306C,#2D39C7,#F3F3F4
http://i.imgur.com/lcEUZHv.jpg,#4D4844,#C2BEC6,#FEFEFE
https://i.redd.it/1nlgrn49x7ry.jpg,#5B6A75,#121517,#1E2930
http://i.imgur.com/M3NOzLC.jpg,#849396,#3D4949,#7C8C8C
https://i.redd.it/w5q6gldnvcuy.jpg,#8386B9,#18CD,#311A17
https://i.redd.it/s5viyluv421z.jpg,#305680,#4079AE,#4D87BE
https://i.redd.it/h5t3qddvvzry.jpg,#526377,#445,#CDF
https://i.redd.it/ftd3sx5ah13z.jpg,#253C96,#314BAE,#4961BA
https://i.redd.it/7ofdqmp53bzy.jpg,#688090,#89A5B6,#7994A4
http://i.imgur.com/sXhEQez.jpg,#6A6A6A,#111,#FEFEFE
https://i.redd.it/cwljeujku33z.jpg,#D0D4DB,#D9DEE3,#DEE4E7
https://i.redd.it/fsuv32a1cc9y.jpg,#556277,#697996,#FDFDFD
http://i.imgur.com/enhDnTM.jpg,#888,#ECE3C7,#FEFEFE
http://i.imgur.com/tyDhTll.jpg,#49626F,#69B,#E1319
http://i.imgur.com/puEqa4C.jpg,#3B58F0,#908289,#9D8D91
https://i.redd.it/ihczg3pmle3z.jpg,#ADBDB4,#A3B3AA,#99AAA0
https://i.redd.it/cpkq97klre4z.jpg,#9CADAC,#7A8A8E,#8FA0A0
http://i.imgur.com/RycdbMO.jpg,#A8B2B7,#8F979E,#C2CECD
https://i.redd.it/sn7ufk9fsv4z.jpg,#7F8891,#1B191A,#D4CFCA
https://i.redd.it/n9jq5j2tatcy.jpg,#BBC3C2,#9BACAC,#322B26
https://i.redd.it/0qow2dksb34z.jpg,#59787B,#2D4C40,#44605D
http://i.imgur.com/pt9rmrv.jpg,#BAD3F5,#FBFEFE,#D6E8FB
http://i.imgur.com/6pnYQUv.jpg,#2D2A29,#938F8E,#1E1A19
https://i.imgur.com/HRgRMOw.jpg,#5F584A,#56843C,#AEA9AD
https://i.redd.it/rubsfuf64lvy.jpg,#203D3D,#EEE6DD,#A5B6BD
https://i.redd.it/nrafqoujmety.jpg,#A1A7C0,#242326,#2C303F
https://i.redd.it/ru12lvaf7jyy.jpg,#AFADB2,#989A9F,#161519
https://i.redd.it/c5pk0vnpg3ty.jpg,#9B8987,#CC806E,#FAF9F9
http://i.imgur.com/qvnjbVw.jpg,#A8A4A0,#B5AFA9,#AEAAA5
https://i.redd.it/ax4eueu0szpy.jpg,#9EA4BE,#8B8FA5,#C7B9BB
https://i.redd.it/guul6eld2soy.jpg,#2C434D,#7C919A,#647882
http://i.imgur.com/Gh2I3pq.jpg,#A6B7CB,#90A2B6,#9BADC1
https://i.redd.it/m4cfqp8wfv5z.jpg,#221E1C,#D9D7D7,#CFCFD0
https://i.redd.it/tb5pckm6e72y.jpg,#D3DCDC,#969E9E,#A7B2B4
https://i.redd.it/fyqzavufvjwy.jpg,#5575A2,#81B0E0,#6991C3
https://i.redd.it/lsuw4p2ncyny.jpg,#365567,#528EBA,#43749E
http://i.imgur.com/FApqk3D.jpg,#111,#FEFEFE,#7E923
http://i.imgur.com/TKLs9lo.jpg,#9199A2,#F9F9F9,#FEFEFE
https://i.redd.it/d8021b5i2moy.jpg,#99B5CE,#3F4B5B,#597297
https://i.redd.it/4m5yk8gjrtzy.jpg,#216,#A1031,#8A1B
https://i.redd.it/xae65ypfqycy.jpg,#2E3060,#2D39C7,#F3F3F4
http://i.imgur.com/lcEUZHv.jpg,#58514C,#C2BFC8,#FEFEFE
https://i.redd.it/1nlgrn49x7ry.jpg,#5B6A74,#1E2930,#121517
http://i.imgur.com/M3NOzLC.jpg,#3D494A,#7B8B8A,#839295
https://i.redd.it/w5q6gldnvcuy.jpg,#17CD,#8385B7,#301A17
https://i.redd.it/s5viyluv421z.jpg,#315782,#417AB0,#4E88BF
https://i.redd.it/h5t3qddvvzry.jpg,#5C6470,#455,#DE10
https://i.redd.it/ftd3sx5ah13z.jpg,#5F76C0,#4861B9,#304AAD
https://i.redd.it/7ofdqmp53bzy.jpg,#688090,#7894A3,#88A5B6
http://i.imgur.com/sXhEQez.jpg,#686868,#111,#FEFEFE
https://i.redd.it/cwljeujku33z.jpg,#DCE1E4,#DFE5E8,#D7DCE2
https://i.redd.it/fsuv32a1cc9y.jpg,#546076,#687794,#FDFDFD
http://i.imgur.com/enhDnTM.jpg,#655,#EDE4C8,#FEFEFE
http://i.imgur.com/tyDhTll.jpg,#49626F,#69B,#E1319
http://i.imgur.com/puEqa4C.jpg,#3B58F0,#9D8D91,#908189
https://i.redd.it/ihczg3pmle3z.jpg,#8FA097,#A3B3AA,#99AAA0
https://i.redd.it/cpkq97klre4z.jpg,#79898D,#869699,#90A1A1
http://i.imgur.com/RycdbMO.jpg,#A8B2B7,#8F979E,#C2CECD
https://i.redd.it/sn7ufk9fsv4z.jpg,#5E6065,#1B191A,#D4CFCA
https://i.redd.it/n9jq5j2tatcy.jpg,#BBC3C2,#9BACAC,#322B26
https://i.redd.it/0qow2dksb34z.jpg,#2C493D,#425E5A,#577679
http://i.imgur.com/pt9rmrv.jpg,#99B7EA,#B5D0F4,#FBFEFE
http://i.imgur.com/6pnYQUv.jpg,#2B2928,#1D1A18,#918E8D
https://i.imgur.com/HRgRMOw.jpg,#383939,#56843C,#A9A4A8
https://i.redd.it/rubsfuf64lvy.jpg,#9AAAB1,#A9B8BE,#EDE4DB
https://i.redd.it/nrafqoujmety.jpg,#A0A5BD,#2C3040,#242326
https://i.redd.it/ru12lvaf7jyy.jpg,#AFAEB3,#161519,#989A9F
https://i.redd.it/c5pk0vnpg3ty.jpg,#B0A5A4,#CC816E,#F7F6F5
http://i.imgur.com/qvnjbVw.jpg,#A8A4A0,#B5AFA9,#AEAAA5
https://i.redd.it/ax4eueu0szpy.jpg,#9EA3BD,#C7B9BB,#8B8FA4
https://i.redd.it/guul6eld2soy.jpg,#2D444E,#7E949C,#667A84
http://i.imgur.com/Gh2I3pq.jpg,#8C9EB1,#A1B2C6,#96A8BC
https://i.redd.it/m4cfqp8wfv5z.jpg,#211D1B,#D9D8D8,#D0D0D1
https://i.redd.it/tb5pckm6e72y.jpg,#D3DCDB,#969E9E,#A7B2B3
https://i.redd.it/fyqzavufvjwy.jpg,#1C273C,#6D97C9,#83B2E1
https://i.redd.it/lsuw4p2ncyny.jpg,#365567,#528EBA,#43749E
http://i.imgur.com/FApqk3D.jpg,#3D9D3,#FEFEFE,#1266E9
http://i.imgur.com/TKLs9lo.jpg,#FDFDFD,#F4F4F4,#FEFEFE
https://i.redd.it/d8021b5i2moy.jpg,#5A7391,#3E4A5C,#98B4CC
https://i.redd.it/4m5yk8gjrtzy.jpg,#C163B,#328,#9C20
https://i.redd.it/xae65ypfqycy.jpg,#303160,#F4F4F4,#2D39C7
http://i.imgur.com/lcEUZHv.jpg,#58514C,#BEBAC5,#FEFEFE
https://i.redd.it/1nlgrn49x7ry.jpg,#5B6A74,#1E2930,#121517
http://i.imgur.com/M3NOzLC.jpg,#3D4949,#7C8B8B,#849396
https://i.redd.it/w5q6gldnvcuy.jpg,#8386B9,#18DD,#321B18
https://i.redd.it/s5viyluv421z.jpg,#508AC2,#447DB3,#2A4C74
https://i.redd.it/h5t3qddvvzry.jpg,#5A636F,#445,#DE10
https://i.redd.it/ftd3sx5ah13z.jpg,#263E9A,#334DAF,#4A62BA
https://i.redd.it/7ofdqmp53bzy.jpg,#657F90,#79929F,#85A4B6
http://i.imgur.com/sXhEQez.jpg,#717070,#000,#FEFEFE
https://i.redd.it/cwljeujku33z.jpg,#CCD2D9,#DEE3E7,#D8DDE2
https://i.redd.it/fsuv32a1cc9y.jpg,#546176,#687896,#FDFDFD
http://i.imgur.com/enhDnTM.jpg,#665,#EDE4C8,#FEFEFE
http://i.imgur.com/tyDhTll.jpg,#4A6370,#69B,#F1319
http://i.imgur.com/puEqa4C.jpg,#3A57EF,#908189,#9D8D91
https://i.redd.it/ihczg3pmle3z.jpg,#8FA097,#A3B3AA,#99AAA1
https://i.redd.it/cpkq97klre4z.jpg,#7A8A8E,#87979A,#92A2A3
http://i.imgur.com/RycdbMO.jpg,#A9B3B7,#C3CECE,#90989F
https://i.redd.it/sn7ufk9fsv4z.jpg,#5E6065,#1B191A,#D4CFCA
https://i.redd.it/n9jq5j2tatcy.jpg,#BAC2C1,#9BABAB,#312A25
https://i.redd.it/0qow2dksb34z.jpg,#2C493D,#415E59,#567577
http://i.imgur.com/pt9rmrv.jpg,#96B5E7,#B5D0F4,#D5E7FB
http://i.imgur.com/6pnYQUv.jpg,#9A9694,#1D1A18,#888689
https://i.imgur.com/HRgRMOw.jpg,#615949,#AEA9AD,#56843C
https://i.redd.it/rubsfuf64lvy.jpg,#72B7,#EDE4DB,#A5B4BB
https://i.redd.it/nrafqoujmety.jpg,#A0A8C2,#242326,#2C303F
https://i.redd.it/ru12lvaf7jyy.jpg,#141215,#95969D,#A9A9AE
https://i.redd.it/c5pk0vnpg3ty.jpg,#B8AEAD,#F8F7F6,#CC816E
http://i.imgur.com/qvnjbVw.jpg,#A8A4A0,#B5AFA9,#AEAAA5
https://i.redd.it/ax4eueu0szpy.jpg,#9FA5BF,#8C90A6,#C7B9BB
https://i.redd.it/guul6eld2soy.jpg,#2C434D,#7C919A,#647882
http://i.imgur.com/Gh2I3pq.jpg,#ACBDD2,#96A7BB,#A0B1C6
https://i.redd.it/m4cfqp8wfv5z.jpg,#221E1C,#D9D7D7,#CFCFD0
https://i.redd.it/tb5pckm6e72y.jpg,#212627,#959D9D,#A6B0B2
https://i.redd.it/fyqzavufvjwy.jpg,#5675A2,#6A91C3,#81B0E0
https://i.redd.it/lsuw4p2ncyny.jpg,#365567,#528EBA,#43749E
http://i.imgur.com/FApqk3D.jpg,#111,#FEFEFE,#7E923
http://i.imgur.com/TKLs9lo.jpg,#959594,#F3F3F2,#FEFEFE
https://i.redd.it/d8021b5i2moy.jpg,#385681,#64798E,#99B4CB
https://i.redd.it/4m5yk8gjrtzy.jpg,#374972,#9C21,#329
https://i.redd.it/xae65ypfqycy.jpg,#30326E,#F3F3F4,#2D39C7
http://i.imgur.com/lcEUZHv.jpg,#4D4844,#BFBBC6,#FEFEFE
https://i.redd.it/1nlgrn49x7ry.jpg,#1B252A,#53616B,#111415
http://i.imgur.com/M3NOzLC.jpg,#859397,#3D494A,#7C8C8C
https://i.redd.it/w5q6gldnvcuy.jpg,#8488B9,#17CD,#301A17
https://i.redd.it/s5viyluv421z.jpg,#2A4C73,#437CB2,#4F89C0
https://i.redd.it/h5t3qddvvzry.jpg,#5C6470,#445,#DE10
https://i.redd.it/ftd3sx5ah13z.jpg,#93A4C8,#4863C0,#314CB1
https://i.redd.it/7ofdqmp53bzy.jpg,#688191,#7B95A3,#87A6BA
http://i.imgur.com/sXhEQez.jpg,#676767,#000,#FEFEFE
https://i.redd.it/cwljeujku33z.jpg,#D3D7DD,#DEE4E7,#D9DEE3
https://i.redd.it/fsuv32a1cc9y.jpg,#556277,#697996,#FDFDFD
http://i.imgur.com/enhDnTM.jpg,#111,#EFE6CB,#FEFEFE
http://i.imgur.com/tyDhTll.jpg,#49626F,#E1319,#69B
http://i.imgur.com/puEqa4C.jpg,#3A57EF,#9D8D91,#908289
https://i.redd.it/ihczg3pmle3z.jpg,#8E9F96,#A3B3AA,#99A9A0
https://i.redd.it/cpkq97klre4z.jpg,#849498,#78898C,#8FA0A0
http://i.imgur.com/RycdbMO.jpg,#A8B2B7,#C3CECD,#8F979E
https://i.redd.it/sn7ufk9fsv4z.jpg,#5E6065,#D4CFCA,#1B191A
https://i.redd.it/n9jq5j2tatcy.jpg,#BBC3C2,#312A25,#9BACAB
https://i.redd.it/0qow2dksb34z.jpg,#2C483D,#415E59,#567577
http://i.imgur.com/pt9rmrv.jpg,#B9D2F5,#D6E8FB,#FBFEFE
http://i.imgur.com/6pnYQUv.jpg,#858589,#969291,#1D1A18
https://i.imgur.com/HRgRMOw.jpg,#5B5448,#AEA9AD,#57843C
https://i.redd.it/rubsfuf64lvy.jpg,#224041,#EDE4DB,#A9B7BD
https://i.redd.it/nrafqoujmety.jpg,#A0A8C2,#2C303F,#242326
https://i.redd.it/ru12lvaf7jyy.jpg,#AFAEB3,#161519,#999A9F
https://i.redd.it/c5pk0vnpg3ty.jpg,#9C8986,#CC806E,#F6F4F3
http://i.imgur.com/qvnjbVw.jpg,#A8A4A0,#B5AFA9,#AEAAA5
https://i.redd.it/ax4eueu0szpy.jpg,#9DA2BC,#8B8EA3,#C7B9BB
https://i.redd.it/guul6eld2soy.jpg,#2C434D,#7C929B,#647882
http://i.imgur.com/Gh2I3pq.jpg,#A5B6CB,#9BACC0,#90A1B5
https://i.redd.it/m4cfqp8wfv5z.jpg,#DAD8D8,#D3D2D3,#CCCCCD
https://i.redd.it/tb5pckm6e72y.jpg,#D2DBDA,#969E9E,#A7B1B3
https://i.redd.it/fyqzavufvjwy.jpg,#53729E,#688FC0,#80AFDF
https://i.redd.it/lsuw4p2ncyny.jpg,#375568,#528EBA,#43749E
http://i.imgur.com/FApqk3D.jpg,#111,#FEFEFE,#7E923
http://i.imgur.com/TKLs9lo.jpg,#F2F2F2,#F9FAF9,#FEFEFE
https://i.redd.it/d8021b5i2moy.jpg,#404D60,#577292,#99B4CD
https://i.redd.it/4m5yk8gjrtzy.jpg,#216,#891A,#B1030
https://i.redd.it/xae65ypfqycy.jpg,#303162,#2D39C7,#F2F3F3
http://i.imgur.com/lcEUZHv.jpg,#4D4844,#C2B8C6,#FEFEFE
https://i.redd.it/1nlgrn49x7ry.jpg,#5B6A74,#121517,#1E2930
http://i.imgur.com/M3NOzLC.jpg,#869498,#7D8D8D,#3D4A4A
https://i.redd.it/w5q6gldnvcuy.jpg,#8386B9,#18CD,#311A17
https://i.redd.it/s5viyluv421z.jpg,#315681,#3F78AE,#4C86BD
https://i.redd.it/h5t3qddvvzry.jpg,#5B6470,#455,#DE10
https://i.redd.it/ftd3sx5ah13z.jpg,#263E9A,#334DAF,#4A62BA
https://i.redd.it/7ofdqmp53bzy.jpg,#688191,#7B95A3,#87A6B9
http://i.imgur.com/sXhEQez.jpg,#686868,#111,#FEFEFE
https://i.redd.it/cwljeujku33z.jpg,#CFD4DB,#DFE5E8,#D9DEE3
https://i.redd.it/fsuv32a1cc9y.jpg,#525E74,#FDFDFD,#687894
http://i.imgur.com/enhDnTM.jpg,#554,#EEE6CB,#FEFEFE
http://i.imgur.com/tyDhTll.jpg,#161D27,#D1217,#58A
http://i.imgur.com/puEqa4C.jpg,#3A57F0,#918289,#9D8D91
https://i.redd.it/ihczg3pmle3z.jpg,#8FA198,#A4B4AB,#9AAAA1
https://i.redd.it/cpkq97klre4z.jpg,#7B8B90,#88989A,#93A3A3
http://i.imgur.com/RycdbMO.jpg,#A7B1B6,#8F979D,#C2CECD
https://i.redd.it/sn7ufk9fsv4z.jpg,#5E6165,#1B191A,#D4CFCA
https://i.redd.it/n9jq5j2tatcy.jpg,#BBC3C2,#322B26,#9BACAC
https://i.redd.it/0qow2dksb34z.jpg,#2D4B3F,#425F5B,#567678
http://i.imgur.com/pt9rmrv.jpg,#BAD3F5,#FBFEFE,#D6E8FB
http://i.imgur.com/6pnYQUv.jpg,#2A2827,#95918F,#1D1918
https://i.imgur.com/HRgRMOw.jpg,#645C48,#AEA9AD,#56843C
https://i.redd.it/rubsfuf64lvy.jpg,#1F3C3C,#A7B6BC,#EDE4DB
https://i.redd.it/nrafqoujmety.jpg,#2C303F,#A0A8C2,#242326
https://i.redd.it/ru12lvaf7jyy.jpg,#141317,#96989E,#ACACB1
https://i.redd.it/c5pk0vnpg3ty.jpg,#A29593,#CC806E,#F6F5F4
http://i.imgur.com/qvnjbVw.jpg,#A8A4A0,#B5AFA9,#AEAAA5
https://i.redd.it/ax4eueu0szpy.jpg,#9EA3BD,#8B8FA4,#C7B9BB
https://i.redd.it/guul6eld2soy.jpg,#4D616B,#2E4550,#687C85
http://i.imgur.com/Gh2I3pq.jpg,#A6B7CC,#9CADC1,#90A2B6
https://i.redd.it/m4cfqp8wfv5z.jpg,#221E1C,#D8D7D7,#CECECF
https://i.redd.it/tb5pckm6e72y.jpg,#D2DCDB,#969D9E,#A7B1B3
https://i.redd.it/fyqzavufvjwy.jpg,#53729E,#688FC0,#80AFDF
https://i.redd.it/lsuw4p2ncyny.jpg,#365567,#43749E,#528EBA
http://i.imgur.com/FApqk3D.jpg,#111,#FEFEFE,#7E923
http://i.imgur.com/TKLs9lo.jpg,#FBFBFB,#F5F5F5,#FEFEFE
https://i.redd.it/d8021b5i2moy.jpg,#241E25,#385075,#99B5CD
https://i.redd.it/4m5yk8gjrtzy.jpg,#216,#A1031,#8A1B
https://i.redd.it/xae65ypfqycy.jpg,#2E3060,#2D39C7,#F3F3F4
http://i.imgur.com/lcEUZHv.jpg,#4E4945,#FEFEFE,#BABBBE
https://i.redd.it/1nlgrn49x7ry.jpg,#5B6A74,#121517,#1E2930
http://i.imgur.com/M3NOzLC.jpg,#859497,#7D8C8D,#3D4A4A
https://i.redd.it/w5q6gldnvcuy.jpg,#8386B9,#18CD,#311A17
https://i.redd.it/s5viyluv421z.jpg,#447DB3,#4F89C0,#2B4D75
https://i.redd.it/h5t3qddvvzry.jpg,#5B6470,#455,#DE10
https://i.redd.it/ftd3sx5ah13z.jpg,#263E9A,#334DAF,#4A62BA
https://i.redd.it/7ofdqmp53bzy.jpg,#688191,#89A6B7,#7995A4
http://i.imgur.com/sXhEQez.jpg,#727272,#222,#FEFEFE
https://i.redd.it/cwljeujku33z.jpg,#CFD4DB,#D9DEE2,#DEE4E7
https://i.redd.it/fsuv32a1cc9y.jpg,#5D6E8B,#7784A0,#FDFDFD
http://i.imgur.com/enhDnTM.jpg,#665,#EDE4C8,#FEFEFE
http://i.imgur.com/tyDhTll.jpg,#5B7582,#58A,#E1218
http://i.imgur.com/puEqa4C.jpg,#3B58F0,#91828A,#9D8D91
https://i.redd.it/ihczg3pmle3z.jpg,#A0B1A8,#8D9F96,#98A9A0
https://i.redd.it/cpkq97klre4z.jpg,#7A8A8E,#869699,#91A1A1
http://i.imgur.com/RycdbMO.jpg,#A8B2B7,#C2CECD,#8F979E
https://i.redd.it/sn7ufk9fsv4z.jpg,#5E6165,#1B191A,#D4CFCA
https://i.redd.it/n9jq5j2tatcy.jpg,#BBC3C2,#9BACAC,#312B26
https://i.redd.it/0qow2dksb34z.jpg,#59787D,#2D4C40,#45605E
http://i.imgur.com/pt9rmrv.jpg,#B8D2F4,#FBFEFE,#D6E7FB
http://i.imgur.com/6pnYQUv.jpg,#999694,#898786,#1E1A19
https://i.imgur.com/HRgRMOw.jpg,#755945,#56843C,#A9A4A8
https://i.redd.it/rubsfuf64lvy.jpg,#203D3E,#EEE6DD,#A5B6BC
https://i.redd.it/nrafqoujmety.jpg,#A0A5BD,#2B2F3E,#242326
https://i.redd.it/ru12lvaf7jyy.jpg,#AFAEB2,#989A9F,#161519
https://i.redd.it/c5pk0vnpg3ty.jpg,#A1918E,#FAF9F8,#CC806E
http://i.imgur.com/qvnjbVw.jpg,#A8A4A0,#AEAAA5,#B5AFA9
https://i.redd.it/ax4eueu0szpy.jpg,#9FA5BF,#8C90A6,#C7B9BB
https://i.redd.it/guul6eld2soy.jpg,#2D444E,#7D939B,#667983
http://i.imgur.com/Gh2I3pq.jpg,#A5B6CA,#9AACC0,#90A1B5
https://i.redd.it/m4cfqp8wfv5z.jpg,#221E1C,#D9D7D7,#CFCFD0
https://i.redd.it/tb5pckm6e72y.jpg,#D2DBDA,#959D9D,#A6B1B3
https://i.redd.it/fyqzavufvjwy.jpg,#53729E,#80AFDF,#688FC0
https://i.redd.it/lsuw4p2ncyny.jpg,#375568,#528EBA,#43749E
http://i.imgur.com/FApqk3D.jpg,#0C2F3,#FEFEFE,#525F1
http://i.imgur.com/TKLs9lo.jpg,#F1F2F1,#F9F9F9,#FEFEFE
https://i.redd.it/d8021b5i2moy.jpg,#97B5D0,#424E5D,#597392
https://i.redd.it/4m5yk8gjrtzy.jpg,#B1234,#327,#8A1C
https://i.redd.it/xae65ypfqycy.jpg,#2F306F,#2D39C7,#F2F2F4
http://i.imgur.com/lcEUZHv.jpg,#494441,#C1BEC7,#FEFEFE
https://i.redd.it/1nlgrn49x7ry.jpg,#5B6A74,#1E2930,#121517
http://i.imgur.com/M3NOzLC.jpg,#849397,#3D4949,#7C8C8C
https://i.redd.it/w5q6gldnvcuy.jpg,#8386B9,#18DD,#321B18
https://i.redd.it/s5viyluv421z.jpg,#437CB2,#4E88C0,#2A4C74
https://i.redd.it/h5t3qddvvzry.jpg,#5B6470,#455,#DE10
https://i.redd.it/ftd3sx5ah13z.jpg,#5D74BF,#2F49AD,#4760B9
https://i.redd.it/7ofdqmp53bzy.jpg,#668091,#87A5B7,#7A94A1
http://i.imgur.com/sXhEQez.jpg,#B0B0B0,#FEFEFE,#111
https://i.redd.it/cwljeujku33z.jpg,#CFD4DB,#D9DEE2,#DEE4E7
https://i.redd.it/fsuv32a1cc9y.jpg,#546076,#687794,#FDFDFD
http://i.imgur.com/enhDnTM.jpg,#665,#EDE4C9,#FEFEFE
http://i.imgur.com/tyDhTll.jpg,#4A6471,#69B,#F1319
http://i.imgur.com/puEqa4C.jpg,#3B58F0,#908189,#9D8D91
https://i.redd.it/ihczg3pmle3z.jpg,#A0B1A8,#8D9F96,#98A9A0
https://i.redd.it/cpkq97klre4z.jpg,#667676,#88989A,#93A3A3
http://i.imgur.com/RycdbMO.jpg,#A8B2B7,#8F979E,#C3CECD
https://i.redd.it/sn7ufk9fsv4z.jpg,#7F8991,#1B191A,#D4CFCA
https://i.redd.it/n9jq5j2tatcy.jpg,#BBC3C2,#9BACAC,#322B26
https://i.redd.it/0qow2dksb34z.jpg,#2C493D,#415E59,#567578
http://i.imgur.com/pt9rmrv.jpg,#DAEBFC,#B6D0F4,#FBFEFE
http://i.imgur.com/6pnYQUv.jpg,#989593,#1E1A19,#868589
https://i.imgur.com/HRgRMOw.jpg,#403E39,#A6A1A5,#57813C
https://i.redd.it/rubsfuf64lvy.jpg,#9BABB3,#AAB8BE,#EDE4DB
https://i.redd.it/nrafqoujmety.jpg,#A0A5BD,#2B2F3E,#242326
https://i.redd.it/ru12lvaf7jyy.jpg,#141315,#ADACB2,#97989E
https://i.redd.it/c5pk0vnpg3ty.jpg,#8E7C7B,#FAF9F8,#CC816E
http://i.imgur.com/qvnjbVw.jpg,#A8A4A0,#B5AFA9,#AEAAA5
https://i.redd.it/ax4eueu0szpy.jpg,#9CA2BB,#898DA1,#C7B9BA
https://i.redd.it/guul6eld2soy.jpg,#2C434D,#647882,#7C929B
http://i.imgur.com/Gh2I3pq.jpg,#A6B8CC,#9CADC1,#90A2B6
https://i.redd.it/m4cfqp8wfv5z.jpg,#221E1C,#D9D7D7,#CFCFD0
https://i.redd.it/tb5pckm6e72y.jpg,#D3DCDC,#A8B3B5,#9AA2A2
https://i.redd.it/fyqzavufvjwy.jpg,#5879A5,#6C96C8,#83B2E2
https://i.redd.it/lsuw4p2ncyny.jpg,#365567,#528EBA,#43749E
http://i.imgur.com/FApqk3D.jpg,#1C2F3,#1E4F1,#FEFEFE
http://i.imgur.com/TKLs9lo.jpg,#FBFBFB,#FEFEFE,#F7F7F6
https://i.redd.it/d8021b5i2moy.jpg,#98B5CF,#577291,#3A4F6F
https://i.redd.it/4m5yk8gjrtzy.jpg,#40537B,#6719,#D1229
https://i.redd.it/xae65ypfqycy.jpg,#30316E,#2D3AC7,#F4F4F4
http://i.imgur.com/lcEUZHv.jpg,#4D4844,#BFBBC6,#FEFEFE
https://i.redd.it/1nlgrn49x7ry.jpg,#4B5861,#5C6B76,#111315
http://i.imgur.com/M3NOzLC.jpg,#859397,#7C8C8C,#3D4A4A
https://i.redd.it/w5q6gldnvcuy.jpg,#8386B9,#18CD,#311A17
https://i.redd.it/s5viyluv421z.jpg,#315782,#417AB0,#4E87BF
https://i.redd.it/h5t3qddvvzry.jpg,#5B6470,#DE10,#455
https://i.redd.it/ftd3sx5ah13z.jpg,#93A3C8,#4863C1,#2F4AAF
https://i.redd.it/7ofdqmp53bzy.jpg,#92B4CD,#6D8796,#839FAF
http://i.imgur.com/sXhEQez.jpg,#D2D2D2,#FEFEFE,#000
https://i.redd.it/cwljeujku33z.jpg,#DCE1E4,#D7DCE2,#DFE5E8
https://i.redd.it/fsuv32a1cc9y.jpg,#525E73,#FDFDFD,#667592
http://i.imgur.com/enhDnTM.jpg,#333,#F0E6CA,#FEFEFE
http://i.imgur.com/tyDhTll.jpg,#4A6370,#69B,#F1319
http://i.imgur.com/puEqa4C.jpg,#3B58F0,#8F8188,#9D8D91
https://i.redd.it/ihczg3pmle3z.jpg,#8FA097,#A3B3AA,#99AAA1
https://i.redd.it/cpkq97klre4z.jpg,#96A7A9,#7A8A8E,#8D9EA2
http://i.imgur.com/RycdbMO.jpg,#A8B2B7,#8F979E,#C2CECD
https://i.redd.it/sn7ufk9fsv4z.jpg,#5F6166,#1B191A,#D4CFCA
https://i.redd.it/n9jq5j2tatcy.jpg,#BBC3C2,#9BACAC,#322B26
https://i.redd.it/0qow2dksb34z.jpg,#2C493D,#415E59,#567577
http://i.imgur.com/pt9rmrv.jpg,#BAD3F5,#FBFEFE,#D6E8FB
http://i.imgur.com/6pnYQUv.jpg,#999694,#898786,#1E1A19
https://i.imgur.com/HRgRMOw.jpg,#38393A,#A7A2A6,#56843C
https://i.redd.it/rubsfuf64lvy.jpg,#234142,#EDE4DB,#A8B7BD
https://i.redd.it/nrafqoujmety.jpg,#A2A9C2,#2C3143,#242327
https://i.redd.it/ru12lvaf7jyy.jpg,#141316,#97989E,#AEACB3
https://i.redd.it/c5pk0vnpg3ty.jpg,#8C7B7A,#CC816E,#FAF9F8
http://i.imgur.com/qvnjbVw.jpg,#A8A4A0,#B5AFA9,#AEAAA5
https://i.redd.it/ax4eueu0szpy.jpg,#9FA5BF,#C7B9BB,#8C90A6
https://i.redd.it/guul6eld2soy.jpg,#4D616C,#2E4550,#687C86
http://i.imgur.com/Gh2I3pq.jpg,#A6B7CB,#9BACC0,#90A1B5
https://i.redd.it/m4cfqp8wfv5z.jpg,#262220,#D3D2D3,#CCCCCD
https://i.redd.it/tb5pckm6e72y.jpg,#9FA6A5,#D3DCDC,#A9B5B7
https://i.redd.it/fyqzavufvjwy.jpg,#5675A2,#6A91C3,#81B0E0
https://i.redd.it/lsuw4p2ncyny.jpg,#365567,#528EBA,#43749E
http://i.imgur.com/FApqk3D.jpg,#0C2F3,#1E4F1,#FEFEFE
http://i.imgur.com/TKLs9lo.jpg,#989698,#F5F5F5,#FEFEFE
https://i.redd.it/d8021b5i2moy.jpg,#56718F,#404C5E,#97B4CE
https://i.redd.it/4m5yk8gjrtzy.jpg,#216,#A1031,#8A1B
https://i.redd.it/xae65ypfqycy.jpg,#2F306F,#313BC6,#F3F3F4
http://i.imgur.com/lcEUZHv.jpg,#4D4844,#BFBBC6,#FEFEFE
https://i.redd.it/1nlgrn49x7ry.jpg,#4C5961,#111315,#5C6C77
http://i.imgur.com/M3NOzLC.jpg,#869498,#3D4949,#7D8C8D
https://i.redd.it/w5q6gldnvcuy.jpg,#8387B9,#18CD,#311A17
https://i.redd.it/s5viyluv421z.jpg,#437CB2,#4F89C0,#2B4C74
https://i.redd.it/h5t3qddvvzry.jpg,#516276,#445,#CDF
https://i.redd.it/ftd3sx5ah13z.jpg,#5E75BF,#304BAE,#4861B9
https://i.redd.it/7ofdqmp53bzy.jpg,#688191,#89A5B7,#7995A4
http://i.imgur.com/sXhEQez.jpg,#636363,#111,#FEFEFE
https://i.redd.it/cwljeujku33z.jpg,#CFD4DB,#D9DDE2,#DEE4E7
https://i.redd.it/fsuv32a1cc9y.jpg,#525E73,#657591,#FDFDFD
http://i.imgur.com/enhDnTM.jpg,#888,#FEFEFE,#ECE3C8
http://i.imgur.com/tyDhTll.jpg,#4A6370,#69B,#F1319
http://i.imgur.com/puEqa4C.jpg,#3B58F0,#908189,#9D8D91
https://i.redd.it/ihczg3pmle3z.jpg,#8FA097,#A3B3AA,#99AAA1
https://i.redd.it/cpkq97klre4z.jpg,#8E9E9F,#77878A,#687979
http://i.imgur.com/RycdbMO.jpg,#A8B2B7,#C2CECD,#8F979E
https://i.redd.it/sn7ufk9fsv4z.jpg,#7F8891,#1B191A,#D4CFCA
https://i.redd.it/n9jq5j2tatcy.jpg,#BBC3C2,#9BACAC,#322B26
https://i.redd.it/0qow2dksb34z.jpg,#2A463B,#557375,#3F5C56
http://i.imgur.com/pt9rmrv.jpg,#BAD3F5,#D6E8FB,#FBFEFE
http://i.imgur.com/6pnYQUv.jpg,#989593,#888686,#1E1A19
https://i.imgur.com/HRgRMOw.jpg,#856F5F,#56843C,#A6A2A5
https://i.redd.it/rubsfuf64lvy.jpg,#203E3E,#EDE4DB,#A7B6BC
https://i.redd.it/nrafqoujmety.jpg,#A2A7C0,#2D3243,#242327
https://i.redd.it/ru12lvaf7jyy.jpg,#151317,#ADACB1,#97999F
https://i.redd.it/c5pk0vnpg3ty.jpg,#A28F8C,#CC806E,#F6F5F4
http://i.imgur.com/qvnjbVw.jpg,#A8A4A0,#B5AFA9,#AEAAA5
https://i.redd.it/ax4eueu0szpy.jpg,#9FA5BF,#C7B9BB,#8C90A6
https://i.redd.it/guul6eld2soy.jpg,#2C434D,#7C929B,#647882
http://i.imgur.com/Gh2I3pq.jpg,#8C9EB1,#A1B2C6,#96A8BC
https://i.redd.it/m4cfqp8wfv5z.jpg,#221E1C,#D9D7D7,#CFCFD0
https://i.redd.it/tb5pckm6e72y.jpg,#D3DCDC,#969E9E,#A7B2B3
https://i.redd.it/fyqzavufvjwy.jpg,#53729E,#80AFDF,#688FC0
https://i.redd.it/lsuw4p2ncyny.jpg,#375568,#528EBA,#43749E
http://i.imgur.com/FApqk3D.jpg,#111,#7E923,#FEFEFE
http://i.imgur.com/TKLs9lo.jpg,#999697,#FEFEFE,#F7F7F7
https://i.redd.it/d8021b5i2moy.jpg,#577291,#98B4CD,#394F73
https://i.redd.it/4m5yk8gjrtzy.jpg,#216,#A1031,#891A
https://i.redd.it/xae65ypfqycy.jpg,#2F316F,#2D3AC7,#F2F3F3
http://i.imgur.com/lcEUZHv.jpg,#4D4844,#BFBBC6,#FEFEFE
https://i.redd.it/1nlgrn49x7ry.jpg,#5B6B76,#1E2930,#121517
http://i.imgur.com/M3NOzLC.jpg,#859497,#7D8C8D,#3E4A4B
https://i.redd.it/w5q6gldnvcuy.jpg,#8386B9,#18CD,#311A17
https://i.redd.it/s5viyluv421z.jpg,#315782,#417AB0,#4E88BF
https://i.redd.it/h5t3qddvvzry.jpg,#5B636F,#445,#DE10
https://i.redd.it/ftd3sx5ah13z.jpg,#263D98,#324CAE,#4961BA
https://i.redd.it/7ofdqmp53bzy.jpg,#677F8F,#7893A2,#88A4B5
http://i.imgur.com/sXhEQez.jpg,#6A6A6A,#111,#FEFEFE
https://i.redd.it/cwljeujku33z.jpg,#D2D6DD,#D9DEE3,#DEE4E7
https://i.redd.it/fsuv32a1cc9y.jpg,#546075,#FDFDFD,#677794
http://i.imgur.com/enhDnTM.jpg,#888,#FEFEFE,#ECE3C9
http://i.imgur.com/tyDhTll.jpg,#68A,#4C6673,#E1218
http://i.imgur.com/puEqa4C.jpg,#3B58F0,#8F8189,#9D8D91
https://i.redd.it/ihczg3pmle3z.jpg,#8FA097,#A3B3AA,#99AAA1
https://i.redd.it/cpkq97klre4z.jpg,#7A8A8E,#87979A,#92A3A3
http://i.imgur.com/RycdbMO.jpg,#A8B2B7,#8F979E,#C2CECD
https://i.redd.it/sn7ufk9fsv4z.jpg,#5E6165,#D4CFCA,#1B191A
https://i.redd.it/n9jq5j2tatcy.jpg,#BCC4C2,#322B26,#9DADAD
https://i.redd.it/0qow2dksb34z.jpg,#59787B,#2D4C40,#44605D
http://i.imgur.com/pt9rmrv.jpg,#BAD3F5,#FBFEFE,#D6E8FB
http://i.imgur.com/6pnYQUv.jpg,#2B2827,#938F8E,#1D1A18
https://i.imgur.com/HRgRMOw.jpg,#755945,#56843C,#A9A4A8
https://i.redd.it/rubsfuf64lvy.jpg,#1E3B3C,#EDE4DB,#A5B4BB
https://i.redd.it/nrafqoujmety.jpg,#A0A6BE,#2B2F3D,#232326
https://i.redd.it/ru12lvaf7jyy.jpg,#141316,#AEADB2,#98999F
https://i.redd.it/c5pk0vnpg3ty.jpg,#9D8986,#CC806E,#F6F4F3
http://i.imgur.com/qvnjbVw.jpg,#A8A4A0,#B5AFA9,#AEAAA5
https://i.redd.it/ax4eueu0szpy.jpg,#9DA3BD,#8B8FA4,#C7B9BB
https://i.redd.it/guul6eld2soy.jpg,#4E626C,#2F4650,#697D86
http://i.imgur.com/Gh2I3pq.jpg,#A6B7CB,#9BADC1,#90A2B6
https://i.redd.it/m4cfqp8wfv5z.jpg,#DAD8D8,#CBCBCC,#D2D2D2
https://i.redd.it/tb5pckm6e72y.jpg,#D3DCDC,#969D9E,#A7B2B3
https://i.redd.it/fyqzavufvjwy.jpg,#53729E,#688FC0,#80AFDF
https://i.redd.it/lsuw4p2ncyny.jpg,#365567,#528EBA,#43749E
http://i.imgur.com/FApqk3D.jpg,#2C2F3,#7E923,#FEFEFE
http://i.imgur.com/TKLs9lo.jpg,#F6F6F5,#FBFBFB,#FEFEFE
https://i.redd.it/d8021b5i2moy.jpg,#98B5CE,#414D5D,#587293
https://i.redd.it/4m5yk8gjrtzy.jpg,#B143A,#328,#9C20
https://i.redd.it/xae65ypfqycy.jpg,#2F316F,#F4F4F4,#2D3AC7
http://i.imgur.com/lcEUZHv.jpg,#4A403E,#C1BEC7,#FEFEFE
https://i.redd.it/1nlgrn49x7ry.jpg,#5B6A74,#1E2930,#121517
http://i.imgur.com/M3NOzLC.jpg,#849396,#3D4949,#7C8B8C
https://i.redd.it/w5q6gldnvcuy.jpg,#8488B9,#18CD,#311A17
https://i.redd.it/s5viyluv421z.jpg,#2A4C73,#4F89C1,#447DB3
https://i.redd.it/h5t3qddvvzry.jpg,#5C6470,#455,#DE10
https://i.redd.it/ftd3sx5ah13z.jpg,#8B9CC6,#2F49AC,#4861B9
https://i.redd.it/7ofdqmp53bzy.jpg,#667E8E,#77919F,#87A3B5
http://i.imgur.com/sXhEQez.jpg,#676767,#000,#FEFEFE
https://i.redd.it/cwljeujku33z.jpg,#DFE5E8,#D8DCE2,#DCE1E5
https://i.redd.it/fsuv32a1cc9y.jpg,#556276,#687795,#FDFDFD
http://i.imgur.com/enhDnTM.jpg,#222,#FEFEFE,#ECE3C8
http://i.imgur.com/tyDhTll.jpg,#4B6471,#58A,#E1218
http://i.imgur.com/puEqa4C.jpg,#3B58F0,#908189,#9D8D91
https://i.redd.it/ihczg3pmle3z.jpg,#8D9F95,#A3B3AA,#98A9A0
https://i.redd.it/cpkq97klre4z.jpg,#9CADAC,#798A8E,#8FA0A0
http://i.imgur.com/RycdbMO.jpg,#A8B2B7,#8F979E,#C2CECD
https://i.redd.it/sn7ufk9fsv4z.jpg,#7E8891,#1B191A,#D4CFCA
https://i.redd.it/n9jq5j2tatcy.jpg,#BBC3C2,#322B26,#9BACAC
https://i.redd.it/0qow2dksb34z.jpg,#455F5C,#2D4B40,#57777A
http://i.imgur.com/pt9rmrv.jpg,#FBFEFE,#B6D0F4,#D5E7FB
http://i.imgur.com/6pnYQUv.jpg,#292726,#89878A,#1D1918
https://i.imgur.com/HRgRMOw.jpg,#645C48,#AEA9AD,#56843C
https://i.redd.it/rubsfuf64lvy.jpg,#224041,#A8B7BD,#EDE4DB
https://i.redd.it/nrafqoujmety.jpg,#2B2F3E,#242326,#A0A8C2
https://i.redd.it/ru12lvaf7jyy.jpg,#131214,#AEADB6,#98999F
https://i.redd.it/c5pk0vnpg3ty.jpg,#988481,#CC816E,#FAF9F8
http://i.imgur.com/qvnjbVw.jpg,#A8A4A0,#B5AFA9,#AEAAA5
https://i.redd.it/ax4eueu0szpy.jpg,#9CA2BB,#898CA1,#C7B9BA
https://i.redd.it/guul6eld2soy.jpg,#2C434D,#7C929B,#647882
http://i.imgur.com/Gh2I3pq.jpg,#8E9FB3,#A3B4C8,#98A9BD
https://i.redd.it/m4cfqp8wfv5z.jpg,#221E1C,#CFCFD0,#D9D7D7
https://i.redd.it/tb5pckm6e72y.jpg,#D2DBDA,#969E9E,#A7B2B3
https://i.redd.it/fyqzavufvjwy.jpg,#5575A1,#6991C2,#81B0E0
https://i.redd.it/lsuw4p2ncyny.jpg,#365567,#528EBA,#43749E
http://i.imgur.com/FApqk3D.jpg,#3D9D3,#FEFEFE,#1266E9
http://i.imgur.com/TKLs9lo.jpg,#9C9A9B,#F7F7F7,#FEFEFE
https://i.redd.it/d8021b5i2moy.jpg,#3E4755,#99B5CE,#59709B
https://i.redd.it/4m5yk8gjrtzy.jpg,#216,#B1130,#891A
https://i.redd.it/xae65ypfqycy.jpg,#2D2F62,#2D39C7,#F3F3F3
http://i.imgur.com/lcEUZHv.jpg,#4D4844,#C1BEC7,#FEFEFE
https://i.redd.it/1nlgrn49x7ry.jpg,#4D5962,#5D6C77,#111315
http://i.imgur.com/M3NOzLC.jpg,#869497,#3D4A4A,#7D8C8D
https://i.redd.it/w5q6gldnvcuy.jpg,#8386B9,#18CD,#311A17
https://i.redd.it/s5viyluv421z.jpg,#508AC2,#447DB3,#2A4C74
https://i.redd.it/h5t3qddvvzry.jpg,#1F242D,#445,#DE10
https://i.redd.it/ftd3sx5ah13z.jpg,#5E75BF,#304AAD,#4861B9
https://i.redd.it/7ofdqmp53bzy.jpg,#688090,#89A5B6,#7994A4
http://i.imgur.com/sXhEQez.jpg,#666565,#111,#FEFEFE
https://i.redd.it/cwljeujku33z.jpg,#DCE1E4,#D7DCE2,#DEE5E8
https://i.redd.it/fsuv32a1cc9y.jpg,#383C56,#687895,#FEFEFE
http://i.imgur.com/enhDnTM.jpg,#666,#EDE4C8,#FEFEFE
http://i.imgur.com/tyDhTll.jpg,#69B,#F1318,#4D6875
http://i.imgur.com/puEqa4C.jpg,#3B58F0,#9E8E91,#91838B
https://i.redd.it/ihczg3pmle3z.jpg,#A0B1A8,#8D9F95,#98A9A0
https://i.redd.it/cpkq97klre4z.jpg,#667676,#88989A,#93A3A3
http://i.imgur.com/RycdbMO.jpg,#A8B2B7,#8F979E,#C3CECD
https://i.redd.it/sn7ufk9fsv4z.jpg,#616368,#D4CFCA,#1C1A1B
https://i.redd.it/n9jq5j2tatcy.jpg,#BBC3C2,#9BACAC,#322B26
https://i.redd.it/0qow2dksb34z.jpg,#2C493D,#415E59,#577679
http://i.imgur.com/pt9rmrv.jpg,#DAEBFC,#B6D0F4,#FBFEFE
http://i.imgur.com/6pnYQUv.jpg,#2A2827,#95918F,#1D1A18
https://i.imgur.com/HRgRMOw.jpg,#5F5747,#56843C,#AEA9AD
https://i.redd.it/rubsfuf64lvy.jpg,#213E3F,#EDE4DB,#A6B5BC
https://i.redd.it/nrafqoujmety.jpg,#A0A6BE,#232326,#2B2F3D
https://i.redd.it/ru12lvaf7jyy.jpg,#151317,#98999F,#AFAEB3
https://i.redd.it/c5pk0vnpg3ty.jpg,#A18E8B,#CC806E,#F6F5F4
http://i.imgur.com/qvnjbVw.jpg,#A8A4A0,#B5AFA9,#AEAAA5
https://i.redd.it/ax4eueu0szpy.jpg,#9FA5BF,#8C90A6,#C7B9BB
https://i.redd.it/guul6eld2soy.jpg,#4F636E,#6A7E87,#304751
http://i.imgur.com/Gh2I3pq.jpg,#A7B8CD,#9DAEC2,#91A3B7
https://i.redd.it/m4cfqp8wfv5z.jpg,#221E1C,#D0D0D1,#D9D8D8
https://i.redd.it/tb5pckm6e72y.jpg,#D3DCDB,#969D9E,#A7B1B3
https://i.redd.it/fyqzavufvjwy.jpg,#53729E,#80AFDF,#688FC1
https://i.redd.it/lsuw4p2ncyny.jpg,#375568,#528EBA,#43749E
http://i.imgur.com/FApqk3D.jpg,#2C2F3,#1E4E1,#FEFEFE
http://i.imgur.com/TKLs9lo.jpg,#FCFCFC,#F7F7F7,#FEFEFE
https://i.redd.it/d8021b5i2moy.jpg,#587493,#99B5CD,#395175
https://i.redd.it/4m5yk8gjrtzy.jpg,#216,#B1131,#891B
https://i.redd.it/xae65ypfqycy.jpg,#2F3161,#2D39C7,#F3F3F4
http://i.imgur.com/lcEUZHv.jpg,#DECDD3,#C2B8C6,#FEFEFE
https://i.redd.it/1nlgrn49x7ry.jpg,#4C5961,#5C6C77,#111315
http://i.imgur.com/M3NOzLC.jpg,#859397,#3E4A4B,#7D8C8C
https://i.redd.it/w5q6gldnvcuy.jpg,#8386B9,#18CD,#311A17
https://i.redd.it/s5viyluv421z.jpg,#457EB4,#4F8AC1,#2B4D75
https://i.redd.it/h5t3qddvvzry.jpg,#5C6470,#455,#DE10
https://i.redd.it/ftd3sx5ah13z.jpg,#263E9A,#334DAF,#4A62BA
https://i.redd.it/7ofdqmp53bzy.jpg,#678090,#7A94A2,#87A5B8
http://i.imgur.com/sXhEQez.jpg,#262626,#222,#FEFEFE
https://i.redd.it/cwljeujku33z.jpg,#D0D4DB,#D9DEE3,#DEE4E7
https://i.redd.it/fsuv32a1cc9y.jpg,#556277,#697996,#FDFDFD
http://i.imgur.com/enhDnTM.jpg,#888,#FEFEFE,#ECE3C8
http://i.imgur.com/tyDhTll.jpg,#4A6370,#F1319,#69B
http://i.imgur.com/puEqa4C.jpg,#3B58F0,#908189,#9D8D91
https://i.redd.it/ihczg3pmle3z.jpg,#A0B1A8,#8D9F96,#98A9A0
https://i.redd.it/cpkq97klre4z.jpg,#657676,#88999B,#93A4A4
http://i.imgur.com/RycdbMO.jpg,#A8B2B7,#C2CECD,#8F979E
https://i.redd.it/sn7ufk9fsv4z.jpg,#5F6166,#1B191A,#D4CFCA
https://i.redd.it/n9jq5j2tatcy.jpg,#BBC3C2,#322B26,#9BACAC
https://i.redd.it/0qow2dksb34z.jpg,#2C493D,#415E59,#567578
http://i.imgur.com/pt9rmrv.jpg,#BAD3F5,#FBFEFE,#D6E8FB
http://i.imgur.com/6pnYQUv.jpg,#989593,#878689,#1D1A18
https://i.imgur.com/HRgRMOw.jpg,#5E5747,#56843C,#AEA9AD
https://i.redd.it/rubsfuf64lvy.jpg,#72B7,#EDE4DB,#A5B4BB
https://i.redd.it/nrafqoujmety.jpg,#3B4764,#2B3041,#242327
https://i.redd.it/ru12lvaf7jyy.jpg,#141317,#98999F,#AFAEB3
https://i.redd.it/c5pk0vnpg3ty.jpg,#9C8987,#F6F4F3,#CC806E
http://i.imgur.com/qvnjbVw.jpg,#A8A4A0,#B5AFA9,#AEAAA5
https://i.redd.it/ax4eueu0szpy.jpg,#9FA5BF,#8C90A6,#C7B9BB
https://i.redd.it/guul6eld2soy.jpg,#2D444E,#7C919A,#657882
http://i.imgur.com/Gh2I3pq.jpg,#8D9FB3,#97A9BD,#A2B3C8
https://i.redd.it/m4cfqp8wfv5z.jpg,#221E1C,#D9D7D7,#CFCFD0
https://i.redd.it/tb5pckm6e72y.jpg,#D1DAD9,#969D9E,#A6B1B3
https://i.redd.it/fyqzavufvjwy.jpg,#5676A2,#6A91C3,#81B0E0
https://i.redd.it/lsuw4p2ncyny.jpg,#365567,#43749E,#528EBA
http://i.imgur.com/FApqk3D.jpg,#2C2F3,#53602,#FEFEFE
http://i.imgur.com/TKLs9lo.jpg,#FBFBFB,#FEFEFE,#F6F6F5
https://i.redd.it/d8021b5i2moy.jpg,#45505B,#5D758F,#9AB4C9
https://i.redd.it/4m5yk8gjrtzy.jpg,#B1336,#327,#9B1E
https://i.redd.it/xae65ypfqycy.jpg,#2E306C,#2D3AC7,#F3F3F4
http://i.imgur.com/lcEUZHv.jpg,#4A403D,#BFBBC6,#FEFEFE
https://i.redd.it/1nlgrn49x7ry.jpg,#5C6C77,#121517,#1E2930
http://i.imgur.com/M3NOzLC.jpg,#859397,#3C4848,#7C8C8C
https://i.redd.it/w5q6gldnvcuy.jpg,#8386B9,#18DD,#321B18
https://i.redd.it/s5viyluv421z.jpg,#508AC2,#457EB4,#2B4D75
https://i.redd.it/h5t3qddvvzry.jpg,#5B6470,#455,#DE10
https://i.redd.it/ftd3sx5ah13z.jpg,#5E75BF,#304AAD,#4861B9
https://i.redd.it/7ofdqmp53bzy.jpg,#688191,#89A6B7,#7995A4
http://i.imgur.com/sXhEQez.jpg,#686868,#FEFEFE,#111
https://i.redd.it/cwljeujku33z.jpg,#D2D6DD,#D9DEE3,#DEE4E7
https://i.redd.it/fsuv32a1cc9y.jpg,#546076,#FDFDFD,#687794
http://i.imgur.com/enhDnTM.jpg,#665,#EDE4C9,#FEFEFE
http://i.imgur.com/tyDhTll.jpg,#4B6471,#58A,#E1218
http://i.imgur.com/puEqa4C.jpg,#3A57F0,#908189,#9D8D91
https://i.redd.it/ihczg3pmle3z.jpg,#8EA097,#A3B3AA,#99AAA0
https://i.redd.it/cpkq97klre4z.jpg,#7A8A8E,#869699,#90A1A1
http://i.imgur.com/RycdbMO.jpg,#A8B2B7,#8F979E,#C2CECD
https://i.redd.it/sn7ufk9fsv4z.jpg,#5F6166,#1B191A,#D4CFCA
https://i.redd.it/n9jq5j2tatcy.jpg,#BBC3C2,#9BACAC,#322B26
https://i.redd.it/0qow2dksb34z.jpg,#2B483D,#405E59,#567577
http://i.imgur.com/pt9rmrv.jpg,#B7D1F4,#DAEBFC,#FBFEFE
http://i.imgur.com/6pnYQUv.jpg,#999694,#898786,#1E1A19
https://i.imgur.com/HRgRMOw.jpg,#655C49,#AEA9AD,#56843C
https://i.redd.it/rubsfuf64lvy.jpg,#1F3C3C,#A6B5BB,#EDE4DB
https://i.redd.it/nrafqoujmety.jpg,#A0A5BD,#2B2F3D,#232326
https://i.redd.it/ru12lvaf7jyy.jpg,#141215,#97999F,#AEADB4
https://i.redd.it/c5pk0vnpg3ty.jpg,#988380,#FAF9F8,#CC816E
http://i.imgur.com/qvnjbVw.jpg,#A8A4A0,#AEAAA5,#B5AFA9
https://i.redd.it/ax4eueu0szpy.jpg,#9FA5BF,#8C90A6,#C7B9BB
https://i.redd.it/guul6eld2soy.jpg,#2E454F,#667A84,#7D939C
http://i.imgur.com/Gh2I3pq.jpg,#99AABE,#A3B4C8,#8EA0B4
https://i.redd.it/m4cfqp8wfv5z.jpg,#C6C7C8,#DAD8D8,#D1D0D1
https://i.redd.it/tb5pckm6e72y.jpg,#D2DBDA,#969E9E,#A7B2B3
https://i.redd.it/fyqzavufvjwy.jpg,#5575A2,#6991C2,#81AFE0
https://i.redd.it/lsuw4p2ncyny.jpg,#365567,#528EBA,#43749E
http://i.imgur.com/FApqk3D.jpg,#2C2F3,#53602,#FEFEFE
http://i.imgur.com/TKLs9lo.jpg,#F1F1F1,#F9F9F9,#FEFEFE
https://i.redd.it/d8021b5i2moy.jpg,#434D58,#5E748D,#99B3C9
https://i.redd.it/4m5yk8gjrtzy.jpg,#216,#891A,#B1131
https://i.redd.it/xae65ypfqycy.jpg,#303173,#313BC6,#F3F3F4
http://i.imgur.com/lcEUZHv.jpg,#4A413E,#BDBEC1,#FEFEFE
https://i.redd.it/1nlgrn49x7ry.jpg,#5B6A74,#1E2930,#121517
http://i.imgur.com/M3NOzLC.jpg,#869498,#3D4949,#7D8D8D
https://i.redd.it/w5q6gldnvcuy.jpg,#17CD,#8386B9,#301A17
https://i.redd.it/s5viyluv421z.jpg,#325884,#427BB1,#4E88C0
https://i.redd.it/h5t3qddvvzry.jpg,#5B6470,#DE10,#455
https://i.redd.it/ftd3sx5ah13z.jpg,#263F9C,#344EAF,#4A63BB
https://i.redd.it/7ofdqmp53bzy.jpg,#688191,#7B95A3,#87A6BA
http://i.imgur.com/sXhEQez.jpg,#B6B6B6,#111,#FEFEFE
https://i.redd.it/cwljeujku33z.jpg,#D0D4DB,#DEE4E7,#D9DEE3
https://i.redd.it/fsuv32a1cc9y.jpg,#535F73,#657592,#FDFDFD
http://i.imgur.com/enhDnTM.jpg,#888,#FEFEFE,#ECE3C8
http://i.imgur.com/tyDhTll.jpg,#4A6370,#F1319,#69B
http://i.imgur.com/puEqa4C.jpg,#3B58F0,#908289,#9D8D91
https://i.redd.it/ihczg3pmle3z.jpg,#A0B1A8,#8D9F96,#98A9A0
https://i.redd.it/cpkq97klre4z.jpg,#7A8A8F,#92A3A3,#87979A
http://i.imgur.com/RycdbMO.jpg,#A8B2B7,#8F979E,#C3CECD
https://i.redd.it/sn7ufk9fsv4z.jpg,#7F8891,#1B191A,#D4CFCA
https://i.redd.it/n9jq5j2tatcy.jpg,#BBC3C2,#9BACAC,#322B26
https://i.redd.it/0qow2dksb34z.jpg,#2C483D,#415E59,#567577
http://i.imgur.com/pt9rmrv.jpg,#DAEBFC,#B6D0F4,#FBFEFE
http://i.imgur.com/6pnYQUv.jpg,#2B2928,#1D1A19,#918E8D
https://i.imgur.com/HRgRMOw.jpg,#37393F,#56833C,#A8A3A7
https://i.redd.it/rubsfuf64lvy.jpg,#1F3C3C,#EDE4DB,#A7B6BC
https://i.redd.it/nrafqoujmety.jpg,#A0A6BE,#2B2F3D,#232326
https://i.redd.it/ru12lvaf7jyy.jpg,#141214,#98999F,#AFADB6
https://i.redd.it/c5pk0vnpg3ty.jpg,#9D8682,#FAF9F8,#CC816E
http://i.imgur.com/qvnjbVw.jpg,#A8A4A0,#AEAAA5,#B5AFA9
https://i.redd.it/ax4eueu0szpy.jpg,#9DA2BC,#8A8EA3,#C7B9BB
https://i.redd.it/guul6eld2soy.jpg,#7F959D,#687B85,#2E454F
http://i.imgur.com/Gh2I3pq.jpg,#8EA0B3,#98A9BD,#A3B4C8
https://i.redd.it/m4cfqp8wfv5z.jpg,#211D1C,#D0CFD0,#D9D7D7
https://i.redd.it/tb5pckm6e72y.jpg,#D2DBDA,#959D9D,#A6B1B2
https://i.redd.it/fyqzavufvjwy.jpg,#53729E,#80AFDF,#688FC0
https://i.redd.it/lsuw4p2ncyny.jpg,#365567,#528EBA,#43749E
http://i.imgur.com/FApqk3D.jpg,#3D9D3,#1266E9,#FEFEFE
http://i.imgur.com/TKLs9lo.jpg,#FBFBFB,#F5F5F5,#FEFEFE
https://i.redd.it/d8021b5i2moy.jpg,#375682,#64798E,#99B4CB
https://i.redd.it/4m5yk8gjrtzy.jpg,#216,#A1031,#8A1B
https://i.redd.it/xae65ypfqycy.jpg,#2F3160,#F2F2F3,#2D39C7
http://i.imgur.com/lcEUZHv.jpg,#4A423E,#C0BCC5,#FEFEFE
https://i.redd.it/1nlgrn49x7ry.jpg,#4C5962,#5D6C77,#111315
http://i.imgur.com/M3NOzLC.jpg,#869498,#7D8D8D,#3D4A4A
https://i.redd.it/w5q6gldnvcuy.jpg,#8387B9,#18CD,#311A17
https://i.redd.it/s5viyluv421z.jpg,#4F89C1,#447DB3,#2A4C74
https://i.redd.it/h5t3qddvvzry.jpg,#5B6470,#455,#DE10
https://i.redd.it/ftd3sx5ah13z.jpg,#5E75BF,#2E49AC,#4860B9
https://i.redd.it/7ofdqmp53bzy.jpg,#688090,#7894A3,#88A5B6
http://i.imgur.com/sXhEQez.jpg,#2C2C2C,#FEFEFE,#222
https://i.redd.it/cwljeujku33z.jpg,#CED3DB,#DEE4E7,#D9DDE2
https://i.redd.it/fsuv32a1cc9y.jpg,#546075,#687795,#FDFDFD
http://i.imgur.com/enhDnTM.jpg,#665,#EDE4C8,#FEFEFE
http://i.imgur.com/tyDhTll.jpg,#4B6572,#69B,#F131A
http://i.imgur.com/puEqa4C.jpg,#3B58F0,#908189,#9D8D91
https://i.redd.it/ihczg3pmle3z.jpg,#A0B1A8,#8D9F96,#98A9A0
https://i.redd.it/cpkq97klre4z.jpg,#7B8B90,#93A3A3,#88989A
http://i.imgur.com/RycdbMO.jpg,#A8B2B7,#8F979E,#C2CECD
https://i.redd.it/sn7ufk9fsv4z.jpg,#7F8891,#1B191A,#D4CFCA
https://i.redd.it/n9jq5j2tatcy.jpg,#BAC2C1,#9BABAB,#312A25
https://i.redd.it/0qow2dksb34z.jpg,#2C493E,#425E5A,#577678
http://i.imgur.com/pt9rmrv.jpg,#B8D2F4,#FBFEFE,#D6E7FB
http://i.imgur.com/6pnYQUv.jpg,#2D2A29,#89888A,#1E1A19
https://i.imgur.com/HRgRMOw.jpg,#5D5648,#AEA9AD,#56843C
https://i.redd.it/rubsfuf64lvy.jpg,#1F3C3C,#EEE6DD,#A5B6BC
https://i.redd.it/nrafqoujmety.jpg,#A1A7BF,#242326,#2B2F3E
https://i.redd.it/ru12lvaf7jyy.jpg,#151418,#98999F,#AEADB5
https://i.redd.it/c5pk0vnpg3ty.jpg,#8C7B7A,#CC816E,#FAF9F8
http://i.imgur.com/qvnjbVw.jpg,#A8A4A0,#AEAAA5,#B5AFA9
https://i.redd.it/ax4eueu0szpy.jpg,#9EA4BE,#8C8FA5,#C7B9BB
https://i.redd.it/guul6eld2soy.jpg,#2D434E,#7C919A,#657882
http://i.imgur.com/Gh2I3pq.jpg,#99ABBF,#A4B5C9,#8FA1B4
https://i.redd.it/m4cfqp8wfv5z.jpg,#C5C6C7,#DAD8D8,#D0D0D1
https://i.redd.it/tb5pckm6e72y.jpg,#D3DCDC,#979E9E,#A7B2B4
https://i.redd.it/fyqzavufvjwy.jpg,#53729E,#688FC0,#80AFDF
https://i.redd.it/lsuw4p2ncyny.jpg,#365567,#528EBA,#43749E
http://i.imgur.com/FApqk3D.jpg,#2C2F3,#1E4F1,#FEFEFE
http://i.imgur.com/TKLs9lo.jpg,#FBFBFB,#F5F5F5,#FEFEFE
https://i.redd.it/d8021b5i2moy.jpg,#38537E,#61778F,#9AB4CB
https://i.redd.it/4m5yk8gjrtzy.jpg,#216,#C1230,#791A
https://i.redd.it/xae65ypfqycy.jpg,#2F3160,#2D39C7,#F4F4F4
http://i.imgur.com/lcEUZHv.jpg,#594A44,#FEFEFE,#C2BEC6
https://i.redd.it/1nlgrn49x7ry.jpg,#5B6A74,#121517,#1E2930
http://i.imgur.com/M3NOzLC.jpg,#6C777D,#808F90,#3D4A4A
https://i.redd.it/w5q6gldnvcuy.jpg,#8285B8,#19DE,#321B17
https://i.redd.it/s5viyluv421z.jpg,#508AC2,#457EB4,#2B4D74
https://i.redd.it/h5t3qddvvzry.jpg,#526377,#445,#CDF
https://i.redd.it/ftd3sx5ah13z.jpg,#263E99,#4961BA,#324CAE
https://i.redd.it/7ofdqmp53bzy.jpg,#678090,#7A94A2,#87A5B8
http://i.imgur.com/sXhEQez.jpg,#727171,#111,#FEFEFE
https://i.redd.it/cwljeujku33z.jpg,#DCE1E4,#D7DCE2,#DFE5E8
https://i.redd.it/fsuv32a1cc9y.jpg,#546076,#687794,#FDFDFD
http://i.imgur.com/enhDnTM.jpg,#665,#FEFEFE,#EDE4C9
http://i.imgur.com/tyDhTll.jpg,#4A6370,#69B,#F1319
http://i.imgur.com/puEqa4C.jpg,#3A57EF,#908289,#9D8D91
https://i.redd.it/ihczg3pmle3z.jpg,#93A49B,#A5B6AC,#9CADA3
https://i.redd.it/cpkq97klre4z.jpg,#79898D,#95A6AA,#8D9EA1
http://i.imgur.com/RycdbMO.jpg,#A8B2B7,#8F979E,#C2CECD
https://i.redd.it/sn7ufk9fsv4z.jpg,#5F6166,#1B191A,#D4CFCA
https://i.redd.it/n9jq5j2tatcy.jpg,#BBC3C2,#9BACAC,#322B26
https://i.redd.it/0qow2dksb34z.jpg,#2C493D,#415E59,#567578
http://i.imgur.com/pt9rmrv.jpg,#BAD3F5,#FBFEFE,#D6E8FB
http://i.imgur.com/6pnYQUv.jpg,#9A9795,#88878A,#1D1A18
https://i.imgur.com/HRgRMOw.jpg,#755945,#56843C,#A9A4A8
https://i.redd.it/rubsfuf64lvy.jpg,#9BABB2,#AAB8BE,#EDE4DB
https://i.redd.it/nrafqoujmety.jpg,#A0A6BE,#2B2F3D,#232326
https://i.redd.it/ru12lvaf7jyy.jpg,#141215,#96989E,#ACABB2
https://i.redd.it/c5pk0vnpg3ty.jpg,#CB816E,#F6F4F3,#433231
http://i.imgur.com/qvnjbVw.jpg,#A8A4A0,#B5AFA9,#AEAAA5
https://i.redd.it/ax4eueu0szpy.jpg,#9FA5BF,#8C90A6,#C7B9BB
https://i.redd.it/guul6eld2soy.jpg,#2D444E,#7D939B,#667983
http://i.imgur.com/Gh2I3pq.jpg,#94A5B9,#9EAFC3,#AABBD0
https://i.redd.it/m4cfqp8wfv5z.jpg,#211D1C,#D9D7D7,#CFCFD0
https://i.redd.it/tb5pckm6e72y.jpg,#D2DCDB,#969D9E,#A7B1B3
https://i.redd.it/fyqzavufvjwy.jpg,#5878A6,#83B1E1,#6C95C7
https://i.redd.it/lsuw4p2ncyny.jpg,#365567,#528EBA,#43749E
http://i.imgur.com/FApqk3D.jpg,#111,#7E923,#FEFEFE
http://i.imgur.com/TKLs9lo.jpg,#999797,#FEFEFE,#F4F4F3
https://i.redd.it/d8021b5i2moy.jpg,#3F4E64,#99B3CA,#607690
https://i.redd.it/4m5yk8gjrtzy.jpg,#C1335,#327,#8B1E
https://i.redd.it/xae65ypfqycy.jpg,#2E2F6B,#2D3AC7,#F2F2F3
http://i.imgur.com/lcEUZHv.jpg,#58514C,#BFBBC6,#FEFEFE
https://i.redd.it/1nlgrn49x7ry.jpg,#5B6A74,#1E2930,#121517
http://i.imgur.com/M3NOzLC.jpg,#3C4849,#7A8989,#829194
https://i.redd.it/w5q6gldnvcuy.jpg,#8385B8,#18DD,#321B18
https://i.redd.it/s5viyluv421z.jpg,#315783,#427AB0,#4E88BF
https://i.redd.it/h5t3qddvvzry.jpg,#5B6470,#455,#DE10
https://i.redd.it/ftd3sx5ah13z.jpg,#5B72BF,#2E48AC,#465FB8
https://i.redd.it/7ofdqmp53bzy.jpg,#2C3955,#758F9D,#86A3B4
http://i.imgur.com/sXhEQez.jpg,#A3A3A3,#111,#FEFEFE
https://i.redd.it/cwljeujku33z.jpg,#D2D6DD,#D9DEE3,#DEE4E7
https://i.redd.it/fsuv32a1cc9y.jpg,#546073,#657593,#FDFDFD
http://i.imgur.com/enhDnTM.jpg,#443,#EEE5C8,#FEFEFE
http://i.imgur.com/tyDhTll.jpg,#4A6370,#69B,#F1319
http://i.imgur.com/puEqa4C.jpg,#3A57EF,#918289,#9D8D91
https://i.redd.it/ihczg3pmle3z.jpg,#A0B1A8,#8D9F96,#98A9A0
https://i.redd.it/cpkq97klre4z.jpg,#869699,#90A1A1,#7A8A8E
http://i.imgur.com/RycdbMO.jpg,#A8B2B7,#8F979E,#C3CECD
https://i.redd.it/sn7ufk9fsv4z.jpg,#606266,#D4CFCA,#1B191A
https://i.redd.it/n9jq5j2tatcy.jpg,#BBC3C2,#9BABAB,#312A25
https://i.redd.it/0qow2dksb34z.jpg,#2C483D,#415E59,#567577
http://i.imgur.com/pt9rmrv.jpg,#B9D2F5,#FBFEFE,#D6E8FB
http://i.imgur.com/6pnYQUv.jpg,#999594,#888786,#1D1A19
https://i.imgur.com/HRgRMOw.jpg,#645C48,#AEA9AD,#56843C
https://i.redd.it/rubsfuf64lvy.jpg,#72B7,#EDE4DB,#A5B4BB
https://i.redd.it/nrafqoujmety.jpg,#A0A8C2,#2B2F3E,#242326
https://i.redd.it/ru12lvaf7jyy.jpg,#141316,#AFADB4,#98999F
https://i.redd.it/c5pk0vnpg3ty.jpg,#A49999,#F7F5F4,#CC806E
http://i.imgur.com/qvnjbVw.jpg,#A8A4A0,#B5AFA9,#AEAAA5
https://i.redd.it/ax4eueu0szpy.jpg,#9FA5BF,#C7B9BB,#8C90A6
https://i.redd.it/guul6eld2soy.jpg,#2D444E,#7C929A,#657982
http://i.imgur.com/Gh2I3pq.jpg,#A4B5C9,#99AABE,#8EA0B4
https://i.redd.it/m4cfqp8wfv5z.jpg,#DAD8D8,#CBCBCC,#D2D2D2
https://i.redd.it/tb5pckm6e72y.jpg,#D2DBDA,#959D9D,#A6B1B2
https://i.redd.it/fyqzavufvjwy.jpg,#53729E,#688FC1,#81AFDF
https://i.redd.it/lsuw4p2ncyny.jpg,#365567,#528EBA,#43749E
http://i.imgur.com/FApqk3D.jpg,#111,#FEFEFE,#7E923
http://i.imgur.com/TKLs9lo.jpg,#F1F1F1,#FEFEFE,#F9F9F9
https://i.redd.it/d8021b5i2moy.jpg,#434D58,#5D748D,#99B3C9
https://i.redd.it/4m5yk8gjrtzy.jpg,#41547C,#A102F,#8919
https://i.redd.it/xae65ypfqycy.jpg,#2F306F,#2D39C7,#F2F2F4
http://i.imgur.com/lcEUZHv.jpg,#58514C,#C2BEC6,#FEFEFE
https://i.redd.it/1nlgrn49x7ry.jpg,#5B6A74,#1E2930,#121517
http://i.imgur.com/M3NOzLC.jpg,#859497,#3C4849,#7D8C8D
https://i.redd.it/w5q6gldnvcuy.jpg,#8386B9,#18CD,#311A17
https://i.redd.it/s5viyluv421z.jpg,#508AC2,#457EB4,#2B4D74
https://i.redd.it/h5t3qddvvzry.jpg,#5B6470,#DE10,#455
https://i.redd.it/ftd3sx5ah13z.jpg,#8B9CC6,#4860B9,#2F4AAD
https://i.redd.it/7ofdqmp53bzy.jpg,#688191,#89A5B7,#7995A4
http://i.imgur.com/sXhEQez.jpg,#6E6E6E,#FEFEFE,#111
https://i.redd.it/cwljeujku33z.jpg,#CDD3D9,#D9DDE2,#DEE4E7
https://i.redd.it/fsuv32a1cc9y.jpg,#353952,#657591,#FEFEFE
http://i.imgur.com/enhDnTM.jpg,#888,#ECE3C7,#FEFEFE
http://i.imgur.com/tyDhTll.jpg,#4A6370,#69B,#F1319
http://i.imgur.com/puEqa4C.jpg,#3B58F0,#8F8189,#9D8D91
https://i.redd.it/ihczg3pmle3z.jpg,#8D9E95,#A3B3AA,#98A9A0
https://i.redd.it/cpkq97klre4z.jpg,#7B8B90,#88989A,#93A3A3
http://i.imgur.com/RycdbMO.jpg,#A8B2B7,#C2CECD,#8F979E
https://i.redd.it/sn7ufk9fsv4z.jpg,#7F8891,#1B191A,#D4CFCA
https://i.redd.it/n9jq5j2tatcy.jpg,#BBC3C2,#9BACAC,#312B26
https://i.redd.it/0qow2dksb34z.jpg,#2C493D,#415E59,#567578
http://i.imgur.com/pt9rmrv.jpg,#BAD3F5,#FBFEFE,#D6E8FB
http://i.imgur.com/6pnYQUv.jpg,#2D2A29,#94918F,#1E1A19
https://i.imgur.com/HRgRMOw.jpg,#5C5649,#57843C,#AEA9AD
https://i.redd.it/rubsfuf64lvy.jpg,#1E3B3C,#EDE4DB,#A5B5BB
https://i.redd.it/nrafqoujmety.jpg,#A1A6BD,#2C303F,#242326
https://i.redd.it/ru12lvaf7jyy.jpg,#141317,#97999F,#AEADB4
https://i.redd.it/c5pk0vnpg3ty.jpg,#A99D9C,#CC806E,#F7F5F4
http://i.imgur.com/qvnjbVw.jpg,#A8A4A0,#B5AFA9,#AEAAA5
https://i.redd.it/ax4eueu0szpy.jpg,#9BA1BB,#8A8EA3,#C7B9BA
https://i.redd.it/guul6eld2soy.jpg,#4F636D,#2F4651,#6A7E87
http://i.imgur.com/Gh2I3pq.jpg,#8C9EB1,#A1B2C6,#96A8BC
https://i.redd.it/m4cfqp8wfv5z.jpg,#221E1C,#CFCFD0,#D9D7D7
https://i.redd.it/tb5pckm6e72y.jpg,#212627,#A6B1B3,#969D9D
https://i.redd.it/fyqzavufvjwy.jpg,#6D97C9,#1C273C,#83B1E1
https://i.redd.it/lsuw4p2ncyny.jpg,#365567,#528EBA,#43749E
http://i.imgur.com/FApqk3D.jpg,#1266E9,#7E923,#FEFEFE
http://i.imgur.com/TKLs9lo.jpg,#FAFAFA,#F5F5F4,#FEFEFE
https://i.redd.it/d8021b5i2moy.jpg,#44505F,#5B7491,#97B5CF
https://i.redd.it/4m5yk8gjrtzy.jpg,#B1233,#327,#8A1C
https://i.redd.it/xae65ypfqycy.jpg,#2F306F,#2D3AC7,#F3F3F4
http://i.imgur.com/lcEUZHv.jpg,#4D4844,#FEFEFE,#BEBBC5
https://i.redd.it/1nlgrn49x7ry.jpg,#5B6A74,#1E2930,#121517
http://i.imgur.com/M3NOzLC.jpg,#3D4949,#839295,#7C8B8B
https://i.redd.it/w5q6gldnvcuy.jpg,#8487B9,#17CD,#301A17
https://i.redd.it/s5viyluv421z.jpg,#315782,#417AB0,#4E87BF
https://i.redd.it/h5t3qddvvzry.jpg,#5B6470,#445,#DE10
https://i.redd.it/ftd3sx5ah13z.jpg,#273F9D,#4A63BB,#354EB0
https://i.redd.it/7ofdqmp53bzy.jpg,#688090,#89A5B6,#7994A3
http://i.imgur.com/sXhEQez.jpg,#858585,#111,#FEFEFE
https://i.redd.it/cwljeujku33z.jpg,#D0D4DB,#D9DEE3,#DEE4E7
https://i.redd.it/fsuv32a1cc9y.jpg,#515D73,#FDFDFD,#677693
http://i.imgur.com/enhDnTM.jpg,#888,#ECE3C7,#FEFEFE
http://i.imgur.com/tyDhTll.jpg,#161D27,#589,#D1117
http://i.imgur.com/puEqa4C.jpg,#3B58F0,#908189,#9D8D91
https://i.redd.it/ihczg3pmle3z.jpg,#A0B1A8,#8E9F96,#98A9A0
https://i.redd.it/cpkq97klre4z.jpg,#869699,#91A1A1,#7A8A8E
http://i.imgur.com/RycdbMO.jpg,#A8B2B7,#C3CECD,#8F979E
https://i.redd.it/sn7ufk9fsv4z.jpg,#5F6166,#1B191A,#D4CFCA
https://i.redd.it/n9jq5j2tatcy.jpg,#BAC2C1,#9BABAB,#312A25
https://i.redd.it/0qow2dksb34z.jpg,#59787B,#2D4C40,#44605D
http://i.imgur.com/pt9rmrv.jpg,#DAEBFC,#B6D0F4,#FBFEFE
http://i.imgur.com/6pnYQUv.jpg,#989593,#868589,#1E1A19
https://i.imgur.com/HRgRMOw.jpg,#5C5648,#AEA9AD,#57843C
https://i.redd.it/rubsfuf64lvy.jpg,#224041,#EDE4DB,#A9B7BD
https://i.redd.it/nrafqoujmety.jpg,#A1A7BF,#2B2F3D,#242326
https://i.redd.it/ru12lvaf7jyy.jpg,#98999F,#151418,#AEADB3
https://i.redd.it/c5pk0vnpg3ty.jpg,#CB816E,#F6F4F3,#41302F
http://i.imgur.com/qvnjbVw.jpg,#A8A4A0,#B5AFA9,#AEAAA5
https://i.redd.it/ax4eueu0szpy.jpg,#9FA5BF,#C7B9BB,#8C90A6
https://i.redd.it/guul6eld2soy.jpg,#2C434D,#7C929B,#647882
http://i.imgur.com/Gh2I3pq.jpg,#A5B6CA,#9BACC0,#90A1B5
https://i.redd.it/m4cfqp8wfv5z.jpg,#DAD8D8,#CBCBCD,#D2D2D2
https://i.redd.it/tb5pckm6e72y.jpg,#D2DBDA,#959D9D,#A6B1B3
https://i.redd.it/fyqzavufvjwy.jpg,#53729E,#80AFDF,#688FC0
https://i.redd.it/lsuw4p2ncyny.jpg,#365567,#528EBA,#43749E
http://i.imgur.com/FApqk3D.jpg,#111,#7E912,#FEFEFE
http://i.imgur.com/TKLs9lo.jpg,#FBFBFB,#F6F6F6,#FEFEFE
https://i.redd.it/d8021b5i2moy.jpg,#434F5F,#577291,#97B4CE
https://i.redd.it/4m5yk8gjrtzy.jpg,#B1132,#317,#8A1C
https://i.redd.it/xae65ypfqycy.jpg,#32346E,#2D39C7,#F4F4F4
http://i.imgur.com/lcEUZHv.jpg,#4D4844,#BEBAC5,#FEFEFE
https://i.redd.it/1nlgrn49x7ry.jpg,#4C5962,#5C6C77,#111315
http://i.imgur.com/M3NOzLC.jpg,#859397,#3D494A,#7C8C8C
https://i.redd.it/w5q6gldnvcuy.jpg,#8489BA,#301A17,#18CD
https://i.redd.it/s5viyluv421z.jpg,#437CB2,#4F89C1,#2A4C73
https://i.redd.it/h5t3qddvvzry.jpg,#5B6470,#DE10,#455
https://i.redd.it/ftd3sx5ah13z.jpg,#263E9B,#344EAF,#4A63BB
https://i.redd.it/7ofdqmp53bzy.jpg,#678090,#87A5B8,#7A94A2
http://i.imgur.com/sXhEQez.jpg,#808080,#111,#FEFEFE
https://i.redd.it/cwljeujku33z.jpg,#DCE1E4,#D7DCE2,#DFE5E8
https://i.redd.it/fsuv32a1cc9y.jpg,#546076,#687794,#FDFDFD
http://i.imgur.com/enhDnTM.jpg,#B7962C,#EFE6CB,#FEFEFE
http://i.imgur.com/tyDhTll.jpg,#4A6370,#58A,#D1217
http://i.imgur.com/puEqa4C.jpg,#3B58F0,#9D8D91,#908189
https://i.redd.it/ihczg3pmle3z.jpg,#8D9F95,#A7B7AE,#97A89F
https://i.redd.it/cpkq97klre4z.jpg,#849498,#79898D,#8FA0A0
http://i.imgur.com/RycdbMO.jpg,#A8B2B7,#8F979F,#C3CECD
https://i.redd.it/sn7ufk9fsv4z.jpg,#7E8891,#1B191A,#D4CFCA
https://i.redd.it/n9jq5j2tatcy.jpg,#BBC3C2,#9BACAC,#322B26
https://i.redd.it/0qow2dksb34z.jpg,#59787B,#2D4C40,#44605D
http://i.imgur.com/pt9rmrv.jpg,#B9D2F5,#FBFEFE,#D6E8FB
http://i.imgur.com/6pnYQUv.jpg,#2D2B2A,#95918F,#1E1A19
https://i.imgur.com/HRgRMOw.jpg,#5E5747,#56843C,#AEA9AD
https://i.redd.it/rubsfuf64lvy.jpg,#203E3E,#EEE6DD,#A4B5BC
https://i.redd.it/nrafqoujmety.jpg,#A0A5BE,#2B2F3D,#232326
https://i.redd.it/ru12lvaf7jyy.jpg,#989A9F,#B0AEB5,#151418
https://i.redd.it/c5pk0vnpg3ty.jpg,#9F8C89,#F6F4F3,#CC806E
http://i.imgur.com/qvnjbVw.jpg,#A8A4A0,#B5AFA9,#AEAAA5
https://i.redd.it/ax4eueu0szpy.jpg,#9DA3BD,#C7B9BB,#8B8FA4
https://i.redd.it/guul6eld2soy.jpg,#2B424C,#748992,#5F727C
http://i.imgur.com/Gh2I3pq.jpg,#A5B6CA,#9AACC0,#8FA1B5
https://i.redd.it/m4cfqp8wfv5z.jpg,#221E1C,#D9D7D7,#CFCFD0
https://i.redd.it/tb5pckm6e72y.jpg,#D2DCDB,#A7B1B3,#969D9E
https://i.redd.it/fyqzavufvjwy.jpg,#53729E,#688FC1,#81AFDF
https://i.redd.it/lsuw4p2ncyny.jpg,#365567,#43749E,#528EBA
http://i.imgur.com/FApqk3D.jpg,#111,#7E912,#FEFEFE
http://i.imgur.com/TKLs9lo.jpg,#989597,#F3F3F3,#FEFEFE
https://i.redd.it/d8021b5i2moy.jpg,#99B5CD,#567292,#3A4F6E
https://i.redd.it/4m5yk8gjrtzy.jpg,#216,#A1030,#891A
https://i.redd.it/xae65ypfqycy.jpg,#2E3060,#2D39C7,#F3F3F4
http://i.imgur.com/lcEUZHv.jpg,#DBCDD4,#C1B7C6,#FEFEFE
https://i.redd.it/1nlgrn49x7ry.jpg,#5B6A74,#1E2930,#121517
http://i.imgur.com/M3NOzLC.jpg,#3D4949,#849296,#7C8B8B
https://i.redd.it/w5q6gldnvcuy.jpg,#8386B9,#18DD,#311B17
https://i.redd.it/s5viyluv421z.jpg,#4F89C1,#2A4C73,#447DB3
https://i.redd.it/h5t3qddvvzry.jpg,#516276,#445,#CDF
https://i.redd.it/ftd3sx5ah13z.jpg,#253C96,#314BAE,#4962BA
https://i.redd.it/7ofdqmp53bzy.jpg,#688090,#7894A3,#88A5B6
http://i.imgur.com/sXhEQez.jpg,#626262,#FEFEFE,#111
https://i.redd.it/cwljeujku33z.jpg,#DCE1E4,#D7DCE2,#DEE5E8
https://i.redd.it/fsuv32a1cc9y.jpg,#363952,#657592,#FDFDFD
http://i.imgur.com/enhDnTM.jpg,#888,#EFE6CB,#FEFEFE
http://i.imgur.com/tyDhTll.jpg,#4A6370,#E1319,#69B
http://i.imgur.com/puEqa4C.jpg,#3B58F0,#908189,#9D8D91
https://i.redd.it/ihczg3pmle3z.jpg,#A0B1A8,#8D9F95,#98A9A0
https://i.redd.it/cpkq97klre4z.jpg,#667676,#88989A,#93A3A3
http://i.imgur.com/RycdbMO.jpg,#A8B2B7,#C3CECD,#8F979E
https://i.redd.it/sn7ufk9fsv4z.jpg,#5E6065,#1B191A,#D4CFCA
https://i.redd.it/n9jq5j2tatcy.jpg,#BBC3C2,#9BACAC,#322B26
https://i.redd.it/0qow2dksb34z.jpg,#2C483D,#567577,#415E59
http://i.imgur.com/pt9rmrv.jpg,#DAEBFC,#FBFEFE,#B5D0F4
http://i.imgur.com/6pnYQUv.jpg,#999593,#1E1A19,#888786
https://i.imgur.com/HRgRMOw.jpg,#383939,#56843C,#A9A3A8
https://i.redd.it/rubsfuf64lvy.jpg,#224041,#EDE4DB,#A7B6BC
https://i.redd.it/nrafqoujmety.jpg,#A1A7C1,#242326,#2C303F
https://i.redd.it/ru12lvaf7jyy.jpg,#131214,#98999F,#AEADB5
https://i.redd.it/c5pk0vnpg3ty.jpg,#8E807F,#CC816E,#FDFBFA
http://i.imgur.com/qvnjbVw.jpg,#A8A4A0,#AEAAA5,#B5AFA9
https://i.redd.it/ax4eueu0szpy.jpg,#9FA5BF,#8C90A6,#C7B9BB
https://i.redd.it/guul6eld2soy.jpg,#2C434D,#7C929B,#647882
http://i.imgur.com/Gh2I3pq.jpg,#A6B7CC,#9BADC1,#90A2B6
https://i.redd.it/m4cfqp8wfv5z.jpg,#221E1C,#D9D8D8,#D0D0D1
https://i.redd.it/tb5pckm6e72y.jpg,#D1DBDA,#959D9D,#A6B1B2
https://i.redd.it/fyqzavufvjwy.jpg,#5777A4,#82B1E1,#6B93C5
https://i.redd.it/lsuw4p2ncyny.jpg,#375568,#528EBA,#43749E
http://i.imgur.com/FApqk3D.jpg,#111,#7E923,#FEFEFE
http://i.imgur.com/TKLs9lo.jpg,#FBFBFB,#F6F6F6,#FEFEFE
https://i.redd.it/d8021b5i2moy.jpg,#567292,#99B5CD,#394F72
https://i.redd.it/4m5yk8gjrtzy.jpg,#B153C,#328,#9B20
https://i.redd.it/xae65ypfqycy.jpg,#2E306F,#313BC6,#F3F3F4
http://i.imgur.com/lcEUZHv.jpg,#504A46,#BDBEC0,#FEFEFE
https://i.redd.it/1nlgrn49x7ry.jpg,#5B6A74,#1E2930,#121517
http://i.imgur.com/M3NOzLC.jpg,#869498,#3C4949,#7D8C8D
https://i.redd.it/w5q6gldnvcuy.jpg,#8386B8,#311A17,#18CD
https://i.redd.it/s5viyluv421z.jpg,#508AC2,#457EB4,#2B4C74
https://i.redd.it/h5t3qddvvzry.jpg,#475B73,#445,#DE10
https://i.redd.it/ftd3sx5ah13z.jpg,#263F9E,#334EB1,#4863C0
https://i.redd.it/7ofdqmp53bzy.jpg,#688191,#7B96A4,#88A7BA
http://i.imgur.com/sXhEQez.jpg,#B7B7B7,#111,#FEFEFE
https://i.redd.it/cwljeujku33z.jpg,#D0D4DB,#D9DEE3,#DEE4E7
https://i.redd.it/fsuv32a1cc9y.jpg,#525E72,#657592,#FDFDFD
http://i.imgur.com/enhDnTM.jpg,#665,#FEFEFE,#EDE4C8
http://i.imgur.com/tyDhTll.jpg,#4A6370,#F1319,#69B
http://i.imgur.com/puEqa4C.jpg,#3A57F0,#908189,#9D8D91
https://i.redd.it/ihczg3pmle3z.jpg,#A0B1A7,#8D9F95,#98A99F
https://i.redd.it/cpkq97klre4z.jpg,#859598,#79898D,#8FA0A0
http://i.imgur.com/RycdbMO.jpg,#A8B2B7,#8F979E,#C3CECD
https://i.redd.it/sn7ufk9fsv4z.jpg,#7F8991,#1B191A,#D4CFCA
https://i.redd.it/n9jq5j2tatcy.jpg,#BBC3C2,#9BACAC,#322B26
https://i.redd.it/0qow2dksb34z.jpg,#2C4A3E,#425F5A,#577678
http://i.imgur.com/pt9rmrv.jpg,#BAD3F5,#FBFEFE,#D6E8FB
http://i.imgur.com/6pnYQUv.jpg,#2A2827,#89888B,#1D1A18
https://i.imgur.com/HRgRMOw.jpg,#57823C,#3F3E3A,#A6A1A5
https://i.redd.it/rubsfuf64lvy.jpg,#203E3E,#EEE6DE,#A5B6BC
https://i.redd.it/nrafqoujmety.jpg,#A0A5BD,#2C3040,#242326
https://i.redd.it/ru12lvaf7jyy.jpg,#151418,#98999F,#AEADB5
https://i.redd.it/c5pk0vnpg3ty.jpg,#9B8582,#FCFCFB,#CC816E
http://i.imgur.com/qvnjbVw.jpg,#A8A4A0,#B5AFA9,#AEAAA5
https://i.redd.it/ax4eueu0szpy.jpg,#9FA5BF,#8C90A6,#C7B9BB
https://i.redd.it/guul6eld2soy.jpg,#2C434D,#7C929B,#647882
http://i.imgur.com/Gh2I3pq.jpg,#A4B5C9,#99ABBF,#8FA1B4
https://i.redd.it/m4cfqp8wfv5z.jpg,#DAD8D8,#D2D2D2,#CBCBCC
https://i.redd.it/tb5pckm6e72y.jpg,#D3DCDC,#979E9E,#A7B2B4
https://i.redd.it/fyqzavufvjwy.jpg,#5A7AA7,#6D97C9,#84B2E2
https://i.redd.it/lsuw4p2ncyny.jpg,#365567,#528EBA,#43749E
http://i.imgur.com/FApqk3D.jpg,#111,#3D9D3,#FEFEFE
http://i.imgur.com/TKLs9lo.jpg,#FBFBFB,#F5F5F4,#FEFEFE
https://i.redd.it/d8021b5i2moy.jpg,#5D758F,#434F5E,#96B4CE
https://i.redd.it/4m5yk8gjrtzy.jpg,#216,#8A1B,#A1031
https://i.redd.it/xae65ypfqycy.jpg,#2E306D,#F3F3F4,#2D39C7
http://i.imgur.com/lcEUZHv.jpg,#4D4844,#BFBAC5,#FEFEFE
https://i.redd.it/1nlgrn49x7ry.jpg,#5C6C77,#1E2930,#121517
http://i.imgur.com/M3NOzLC.jpg,#869498,#7D8D8D,#3D494A
https://i.redd.it/w5q6gldnvcuy.jpg,#8387B9,#18CD,#311A17
https://i.redd.it/s5viyluv421z.jpg,#437CB2,#4F89C1,#2A4C73
https://i.redd.it/h5t3qddvvzry.jpg,#5C6470,#445,#DE10
https://i.redd.it/ftd3sx5ah13z.jpg,#263E9A,#334DAF,#4A63BB
https://i.redd.it/7ofdqmp53bzy.jpg,#2D3A56,#6B8595,#809FB0
http://i.imgur.com/sXhEQez.jpg,#6C6C6C,#111,#FEFEFE
https://i.redd.it/cwljeujku33z.jpg,#DCE1E4,#D7DCE2,#DFE5E8
https://i.redd.it/fsuv32a1cc9y.jpg,#373A53,#FDFDFD,#677794
http://i.imgur.com/enhDnTM.jpg,#665,#EDE4C9,#FEFEFE
http://i.imgur.com/tyDhTll.jpg,#5B7682,#68B,#E1319
http://i.imgur.com/puEqa4C.jpg,#3B58F0,#908189,#9D8D91
https://i.redd.it/ihczg3pmle3z.jpg,#8E9F96,#A3B3AA,#99AAA0
https://i.redd.it/cpkq97klre4z.jpg,#7A8A8E,#94A6AA,#8D9EA1
http://i.imgur.com/RycdbMO.jpg,#A8B2B7,#8F979E,#C3CECD
https://i.redd.it/sn7ufk9fsv4z.jpg,#7E8891,#1B191A,#D4CFCA
https://i.redd.it/n9jq5j2tatcy.jpg,#BBC3C2,#9BACAC,#322B26
https://i.redd.it/0qow2dksb34z.jpg,#2C493E,#415E59,#567577
http://i.imgur.com/pt9rmrv.jpg,#B9D2F5,#D6E8FB,#FBFEFE
http://i.imgur.com/6pnYQUv.jpg,#999694,#1E1A19,#878689
https://i.imgur.com/HRgRMOw.jpg,#5D5649,#56843C,#AEA9AD
https://i.redd.it/rubsfuf64lvy.jpg,#213F3F,#A4B5BC,#EEE6DD
https://i.redd.it/nrafqoujmety.jpg,#A0A6BE,#2B2F3D,#232326
https://i.redd.it/ru12lvaf7jyy.jpg,#BAB6C3,#A9A9AE,#95969D
https://i.redd.it/c5pk0vnpg3ty.jpg,#A1908E,#CC806E,#F6F5F4
http://i.imgur.com/qvnjbVw.jpg,#A8A4A0,#B5AFA9,#AEAAA5
https://i.redd.it/ax4eueu0szpy.jpg,#9AA0B9,#898DA1,#C7B9BA
https://i.redd.it/guul6eld2soy.jpg,#4D616B,#2E454F,#687C86
http://i.imgur.com/Gh2I3pq.jpg,#A5B6CB,#9BACC0,#90A2B5
https://i.redd.it/m4cfqp8wfv5z.jpg,#C6C7C8,#DAD8D8,#D1D0D1
https://i.redd.it/tb5pckm6e72y.jpg,#D3DCDC,#969E9E,#A7B2B4
https://i.redd.it/fyqzavufvjwy.jpg,#53729E,#688FC0,#80AFDF
https://i.redd.it/lsuw4p2ncyny.jpg,#365567,#43749E,#528EBA
http://i.imgur.com/FApqk3D.jpg,#3D9D3,#FEFEFE,#11169
http://i.imgur.com/TKLs9lo.jpg,#88939E,#FEFEFE,#F7F7F6
https://i.redd.it/d8021b5i2moy.jpg,#434F60,#98B5CE,#597492
https://i.redd.it/4m5yk8gjrtzy.jpg,#B1132,#316,#8A1B
https://i.redd.it/xae65ypfqycy.jpg,#2F3170,#F4F4F4,#2D3AC7
http://i.imgur.com/lcEUZHv.jpg,#494440,#BEBBC5,#FEFEFE
https://i.redd.it/1nlgrn49x7ry.jpg,#5B6B76,#1E2930,#121517
http://i.imgur.com/M3NOzLC.jpg,#849396,#3D494A,#7C8C8C
https://i.redd.it/w5q6gldnvcuy.jpg,#8385B8,#18DD,#321B18
https://i.redd.it/s5viyluv421z.jpg,#508AC1,#447DB3,#2A4C74
https://i.redd.it/h5t3qddvvzry.jpg,#5C6470,#455,#DE10
https://i.redd.it/ftd3sx5ah13z.jpg,#263E9A,#334DAF,#4A62BA
https://i.redd.it/7ofdqmp53bzy.jpg,#688191,#89A5B7,#7995A4
http://i.imgur.com/sXhEQez.jpg,#272727,#FEFEFE,#222
https://i.redd.it/cwljeujku33z.jpg,#D0D4DB,#D9DEE3,#DEE4E7
https://i.redd.it/fsuv32a1cc9y.jpg,#546076,#687794,#FDFDFD
http://i.imgur.com/enhDnTM.jpg,#655,#FEFEFE,#EDE4C8
http://i.imgur.com/tyDhTll.jpg,#4A6370,#F1319,#69B
http://i.imgur.com/puEqa4C.jpg,#3B58F0,#908189,#9D8D91
https://i.redd.it/ihczg3pmle3z.jpg,#8FA097,#99AAA1,#A3B4AB
https://i.redd.it/cpkq97klre4z.jpg,#859598,#79898D,#8FA0A0
http://i.imgur.com/RycdbMO.jpg,#A8B2B7,#8F979E,#C3CECD
https://i.redd.it/sn7ufk9fsv4z.jpg,#5E6065,#1B191A,#D4CFCA
https://i.redd.it/n9jq5j2tatcy.jpg,#BBC3C2,#9BACAC,#322B26
https://i.redd.it/0qow2dksb34z.jpg,#2C493E,#415E59,#567477
http://i.imgur.com/pt9rmrv.jpg,#B5CFF4,#DAEAFC,#FBFEFE
http://i.imgur.com/6pnYQUv.jpg,#868589,#1D1A19,#989492
https://i.imgur.com/HRgRMOw.jpg,#755944,#56833C,#A8A3A7
https://i.redd.it/rubsfuf64lvy.jpg,#1E3B3C,#EDE4DB,#A5B4BB
https://i.redd.it/nrafqoujmety.jpg,#A0A5BD,#2B2F3D,#232326
https://i.redd.it/ru12lvaf7jyy.jpg,#98999F,#AEADB3,#151418
https://i.redd.it/c5pk0vnpg3ty.jpg,#A08C89,#F6F4F3,#CC806E
http://i.imgur.com/qvnjbVw.jpg,#A8A4A0,#B5AFA9,#AEAAA5
https://i.redd.it/ax4eueu0szpy.jpg,#9FA5BF,#8C90A6,#C7B9BB
https://i.redd.it/guul6eld2soy.jpg,#2D444E,#7D939C,#667A83
http://i.imgur.com/Gh2I3pq.jpg,#A7B8CD,#9CADC1,#90A2B6
https://i.redd.it/m4cfqp8wfv5z.jpg,#221E1C,#CFCFD0,#D9D7D7
https://i.redd.it/tb5pckm6e72y.jpg,#212627,#969D9E,#A6B1B3
https://i.redd.it/fyqzavufvjwy.jpg,#5676A2,#6A91C3,#81B0E0
https://i.redd.it/lsuw4p2ncyny.jpg,#375568,#528EBA,#43749E
